date,open,high,low,close,volume,trade_count,vwap
2020-12-01,365.57,367.68,364.93,365.84,76822159.0,378052.0,366.371124
2020-12-02,364.82,366.96,364.2,366.82,47081427.0,275077.0,365.99504
2020-12-03,366.68,368.19,365.5,366.67,64123777.0,327424.0,366.952993
2020-12-04,367.32,369.85,367.22,369.78,51459007.0,252857.0,368.995412
2020-12-07,369.02,369.62,367.72,369.16,50031951.0,266705.0,368.815157
2020-12-08,367.72,370.78,367.67,370.19,45099196.0,226746.0,369.57764
2020-12-09,370.88,371.05,365.95,366.77,75525045.0,396722.0,368.007762
2020-12-10,365.37,367.86,364.43,366.87,59975429.0,308046.0,366.745804
2020-12-11,364.9,366.7402,363.26,366.14,58659075.0,305545.0,365.233579
2020-12-14,368.64,369.8,364.47,364.9,70722353.0,353011.0,366.884609
2020-12-15,367.4,369.59,365.92,369.56,65591667.0,285594.0,368.23569
2020-12-16,369.82,371.16,368.8676,370.06,59534034.0,289564.0,370.061542
2020-12-17,371.94,372.46,371.05,372.19,66592842.0,264948.0,371.916615
2020-12-18,370.97,371.15,367.02,369.15,143257901.0,473505.0,368.930487
2020-12-21,364.97,378.46,362.03,367.65,98396728.0,534198.0,366.009556
2020-12-22,368.21,368.3317,366.03,367.3,49425123.0,293480.0,367.400396
2020-12-23,368.28,369.62,367.2172,367.49,47321905.0,257919.0,368.660471
2020-12-24,368.08,369.03,367.45,369.03,27139624.0,134317.0,368.39863
2020-12-28,371.74,372.59,371.07,372.22,40460382.0,217157.0,372.003014
2020-12-29,373.81,374.0,370.83,371.62,54576638.0,281876.0,371.949008
2020-12-30,372.34,373.1,371.57,372.03,50615419.0,217867.0,372.230742
2020-12-31,371.78,374.66,371.232,374.25,80927738.0,301442.0,373.056129
2021-01-04,375.31,375.45,364.82,368.97,111804895.0,623066.0,368.825587
2021-01-05,368.1,372.5,368.05,371.4,67456696.0,338929.0,370.677822
2021-01-06,369.71,376.98,369.12,373.41,109080743.0,575346.0,374.17454
2021-01-07,376.1,379.9,375.91,379.13,70220837.0,366624.0,378.733811
2021-01-08,380.59,381.49,377.1,381.29,74338260.0,391374.0,380.132051
2021-01-11,377.85,380.58,377.7189,378.7,52148184.0,331775.0,379.02267
2021-01-12,378.89,379.86,376.36,378.66,53546073.0,319577.0,378.619097
2021-01-13,378.69,380.86,377.85,379.7,46290159.0,285329.0,379.742607
2021-01-14,380.59,381.13,378.1,378.58,50821683.0,277224.0,379.744389
2021-01-15,376.72,377.58,373.7,375.67,109520809.0,426037.0,375.961797
2021-01-19,378.34,379.23,376.75,378.64,52504155.0,295712.0,378.366594
2021-01-20,381.11,384.79,380.69,383.8,63340450.0,295871.0,383.308784
2021-01-21,384.49,384.95,383.25,384.15,48716569.0,248102.0,384.290369
2021-01-22,382.25,384.1256,381.835,382.82,53194026.0,250237.0,383.11253
2021-01-25,383.67,384.77,378.46,384.54,72021578.0,445948.0,382.634977
2021-01-26,385.41,385.85,383.54,383.75,44161134.0,272408.0,384.366282
2021-01-27,380.22,380.32,372.01,374.65,126043890.0,712260.0,375.994906
2021-01-28,376.36,381.93,375.89,377.52,96130471.0,509967.0,379.440426
2021-01-29,375.63,376.67,368.27,370.14,129983765.0,726128.0,371.798071
2021-02-01,373.72,377.34,370.376,376.02,77707586.0,414902.0,375.170999
2021-02-02,379.65,383.22,376.3181,381.25,66494770.0,343864.0,382.01651
2021-02-03,382.435,383.7,380.48,381.84,53344886.0,291489.0,382.425839
2021-02-04,382.96,386.24,381.9655,386.11,48544535.0,266910.0,384.658156
2021-02-05,388.2,388.47,386.1444,387.63,49890523.0,252168.0,387.422226
2021-02-08,389.27,390.56,388.35,390.52,39380252.0,240716.0,389.4487
2021-02-09,389.61,390.89,389.17,390.31,36248491.0,235682.0,390.254656
2021-02-10,392.12,392.28,387.5,390.17,59678427.0,352180.0,389.851166
2021-02-11,391.24,391.69,388.1,390.71,43822781.0,272447.0,390.154207
2021-02-12,389.85,392.9,389.77,392.73,51799016.0,251164.0,391.585723
2021-02-16,393.96,394.17,391.53,392.38,52716093.0,321226.0,392.883391
2021-02-17,390.42,392.66,389.33,392.45,54297756.0,315323.0,391.179254
2021-02-18,389.59,391.515,387.74,390.82,60770152.0,329956.0,389.822632
2021-02-19,392.07,392.38,389.55,390.05,84807821.0,322780.0,390.79076
2021-02-22,387.06,389.62,386.74,387.08,69771116.0,339350.0,387.772703
2021-02-23,384.66,388.945,380.2,387.52,108002754.0,633290.0,384.846426
2021-02-24,386.33,392.23,385.27,391.84,73663829.0,459124.0,389.604669
2021-02-25,390.41,391.88,380.7789,382.37,148679383.0,1093781.0,385.587242
2021-02-26,384.35,385.58,378.23,380.01,154318347.0,1016287.0,382.345944
2021-03-01,385.59,390.92,380.572,389.43,107534746.0,570892.0,388.674825
2021-03-02,389.82,390.07,386.0,386.56,81988591.0,513112.0,388.163047
2021-03-03,385.79,386.83,381.31,381.4,124095342.0,807409.0,383.925505
2021-03-04,381.22,384.0,371.88,376.6799,187163522.0,1338752.0,378.10511
2021-03-05,380.46,384.76,372.64,383.56,154840748.0,1161558.0,379.225103
2021-03-08,384.66,387.68,381.42,381.72,124010149.0,893820.0,385.077951
2021-03-09,385.85,389.91,381.7299,387.13,116544202.0,623523.0,388.023093
2021-03-10,389.69,391.4,388.1702,389.39,111715355.0,743870.0,389.858755
2021-03-11,392.23,395.65,391.74,393.46,87995511.0,489440.0,393.941856
2021-03-12,392.07,394.21,391.2,394.0,66408497.0,423972.0,392.769592
2021-03-15,394.33,396.685,392.03,396.48,76514167.0,442252.0,394.553095
2021-03-16,397.07,397.83,395.08,395.86,75735745.0,452546.0,396.566305
2021-03-17,394.53,398.12,393.3,397.21,98853032.0,613420.0,395.603308
2021-03-18,394.475,396.72,390.75,391.53,118149389.0,627924.0,393.670251
2021-03-19,389.88,391.569,387.15,389.57,115070074.0,601186.0,389.797796
2021-03-22,390.03,394.07,389.97,392.55,74744285.0,380060.0,392.350314
2021-03-23,391.91,393.46,388.66,389.63,91830191.0,521211.0,391.166903
2021-03-24,391.0,392.75,387.47,387.63,98576266.0,590738.0,390.385781
2021-03-25,385.98,390.55,383.9,389.72,117324362.0,730186.0,387.288005
2021-03-26,390.93,396.41,390.29,395.91,116858809.0,584566.0,392.805353
2021-03-29,394.4,396.75,392.81,395.76,114464450.0,609255.0,395.100823
2021-03-30,394.42,395.45,393.02,394.69,76954653.0,435225.0,394.2678
2021-03-31,395.34,398.0,395.31,396.33,114268733.0,481275.0,396.901045
2021-04-01,398.4,400.67,398.18,400.61,101181097.0,389135.0,399.467046
2021-04-05,403.46,406.94,403.38,406.36,92971454.0,448796.0,405.819776
2021-04-06,405.76,407.24,405.4,406.12,63118699.0,332055.0,406.399053
2021-04-07,405.94,406.96,405.45,406.59,56351333.0,309294.0,406.322435
2021-04-08,407.93,408.58,406.93,408.52,58807820.0,301052.0,407.99907
2021-04-09,408.39,411.67,408.26,411.49,62133104.0,331523.0,409.88798
2021-04-12,410.85,411.93,410.2,411.64,56704900.0,329957.0,411.120197
2021-04-13,411.53,413.529,411.12,412.86,56550988.0,328521.0,412.347263
2021-04-14,412.83,413.96,410.87,411.45,62468115.0,414585.0,412.306609
2021-04-15,413.74,416.16,413.69,415.87,60229843.0,381448.0,415.087863
2021-04-16,417.25,417.91,415.73,417.26,81977568.0,380303.0,417.007664
2021-04-19,416.26,416.74,413.79,415.21,78498638.0,455139.0,415.018192
2021-04-20,413.91,415.0859,410.59,412.17,81851828.0,482875.0,412.294339
2021-04-21,411.51,416.29,411.36,416.07,66792984.0,360283.0,414.547678
2021-04-22,415.89,416.78,411.13,412.27,98766103.0,590017.0,413.705725
2021-04-23,412.87,418.25,412.79,416.74,74074953.0,361992.0,416.264454
2021-04-26,417.44,418.22,416.8111,417.61,53597096.0,297405.0,417.661708
2021-04-27,417.93,418.14,416.3,417.52,52112393.0,301338.0,417.401956
2021-04-28,417.81,419.01,416.9,417.4,51994369.0,332655.0,417.779474
2021-04-29,420.32,420.72,416.44,420.06,80506526.0,452194.0,419.032514
2021-04-30,417.63,418.54,416.34,417.3,87467317.0,481284.0,417.283178
2021-05-03,419.43,419.84,417.665,418.2,68963710.0,382841.0,418.694677
2021-05-04,416.07,416.6,411.67,415.62,102684284.0,638480.0,413.887766
2021-05-05,417.38,417.63,414.94,415.75,61155687.0,395823.0,416.344386
2021-05-06,415.83,419.21,413.675,419.07,74534968.0,500692.0,416.577928
2021-05-07,419.89,422.815,419.16,422.12,68913001.0,430833.0,421.899375
2021-05-10,422.5,422.74,417.81,417.94,82950865.0,498572.0,420.360364
2021-05-11,413.1,415.27,410.06,414.21,118182209.0,802648.0,413.295033
2021-05-12,411.23,412.59,404.0,405.41,137078636.0,844323.0,407.803118
2021-05-13,407.07,412.35,407.02,410.28,106393963.0,722765.0,410.39632
2021-05-14,413.21,417.49,413.18,416.58,84366746.0,449600.0,415.931377
2021-05-17,415.39,416.39,413.36,415.48,66193502.0,446566.0,414.838133
2021-05-18,415.8,416.06,411.77,412.02,61288866.0,410389.0,414.354897
2021-05-19,406.92,411.05,405.33,410.78,108349346.0,740903.0,408.245533
2021-05-20,411.8,416.625,411.67,415.15,79754477.0,483787.0,414.802277
2021-05-21,416.87,418.2,414.45,414.98,77590498.0,471070.0,416.089044
2021-05-24,417.34,420.32,417.08,419.17,52606963.0,329694.0,419.212727
2021-05-25,420.33,420.71,417.62,418.33,58365218.0,382304.0,418.844137
2021-05-26,418.87,419.61,417.76,419.04,43861538.0,308716.0,418.860169
2021-05-27,420.17,420.72,418.9851,419.18,58438340.0,398541.0,419.809043
2021-05-28,420.97,421.25,419.79,420.19,59768917.0,339229.0,420.555418
2021-06-01,422.57,422.72,419.2,419.67,55475267.0,379492.0,420.295131
2021-06-02,420.37,421.23,419.29,420.39,50203715.0,309864.0,420.226631
2021-06-03,417.85,419.99,416.28,418.83,59499680.0,407487.0,418.662178
2021-06-04,420.75,422.92,418.8422,422.44,57471475.0,322828.0,422.036467
2021-06-07,422.59,422.78,421.19,422.26,52952730.0,321612.0,421.894997
2021-06-08,423.11,423.21,420.32,422.3,47948293.0,322231.0,422.158535
2021-06-09,423.18,423.26,421.41,421.67,49531038.0,286395.0,422.412301
2021-06-10,422.96,424.63,421.55,423.61,52143649.0,338497.0,423.487493
2021-06-11,424.2,424.43,422.82,424.31,46822811.0,257702.0,423.729674
2021-06-14,424.43,425.37,423.1,425.26,43360599.0,279892.0,423.896813
2021-06-15,425.42,425.46,423.54,424.48,52379036.0,301971.0,424.438467
2021-06-16,424.63,424.87,419.92,422.11,82346591.0,649282.0,422.359704
2021-06-17,421.67,423.02,419.32,421.97,92368532.0,571246.0,421.87261
2021-06-18,417.09,417.8281,414.7,414.92,120543104.0,713986.0,416.417167
2021-06-21,416.8,421.06,415.93,420.86,74576631.0,453664.0,419.632317
2021-06-22,420.85,424.0,420.08,423.11,59929167.0,351120.0,422.34532
2021-06-23,423.19,424.05,422.51,422.6,51215292.0,291121.0,423.218865
2021-06-24,424.89,425.55,424.62,425.1,46318393.0,292699.0,425.117899
2021-06-25,425.9,427.0943,425.55,426.61,59584242.0,329356.0,426.384869
2021-06-28,427.17,427.65,425.89,427.47,54222023.0,296627.0,426.808498
2021-06-29,427.88,428.56,427.13,427.7,36655269.0,249147.0,427.888924
2021-06-30,427.21,428.78,427.18,428.06,66270641.0,316136.0,428.037277
2021-07-01,428.87,430.6,428.8,430.43,55872224.0,316829.0,429.873871
2021-07-02,431.67,434.1,430.5218,433.72,59750006.0,312501.0,432.987515
2021-07-06,433.78,434.01,430.01,432.93,69771668.0,399115.0,431.891517
2021-07-07,433.66,434.76,431.51,434.46,65615176.0,390376.0,433.825225
2021-07-08,428.78,431.73,427.52,430.92,99397460.0,648987.0,429.774998
2021-07-09,432.53,435.84,430.714,435.52,77967324.0,393924.0,434.770602
2021-07-12,435.43,437.35,434.97,437.08,54302361.0,345872.0,436.58878
2021-07-13,436.24,437.84,435.31,435.59,53702111.0,365365.0,436.397107
2021-07-14,437.4,437.92,434.91,436.24,65563370.0,357507.0,436.461976
2021-07-15,434.81,435.53,432.72,434.75,55879338.0,421962.0,434.360907
2021-07-16,436.01,436.06,430.92,431.34,77170227.0,455624.0,433.030679
2021-07-19,426.19,431.4089,421.97,424.97,149399960.0,1020169.0,423.74139
2021-07-20,425.68,432.42,424.83,431.06,100942167.0,591626.0,430.283894
2021-07-21,432.34,434.7,431.0111,434.55,65894328.0,346367.0,433.756318
2021-07-22,434.74,435.72,433.69,435.46,48647326.0,315211.0,434.886397
2021-07-23,437.52,440.3,436.79,439.94,64713928.0,375553.0,438.958025
2021-07-26,439.31,441.03,439.26,441.02,44352624.0,283531.0,440.280575
2021-07-27,439.91,439.94,435.99,439.01,68269527.0,492001.0,437.991439
2021-07-28,439.68,440.3,437.31,438.83,53425144.0,391864.0,439.00502
2021-07-29,439.815,441.8,439.81,440.65,48198967.0,303012.0,441.049441
2021-07-30,437.91,440.06,437.77,438.51,70310909.0,425698.0,438.608615
2021-08-02,440.34,440.93,437.21,437.59,59611884.0,409576.0,439.031486
2021-08-03,438.44,441.28,436.1,441.15,58824931.0,412348.0,439.188521
2021-08-04,439.78,441.1243,438.73,438.98,47620472.0,337478.0,439.641612
2021-08-05,440.22,441.85,439.88,441.76,39730739.0,259448.0,440.89835
2021-08-06,442.1,442.94,441.8,442.49,47572213.0,283127.0,442.374306
2021-08-09,442.46,442.795,441.31,442.13,42250781.0,242112.0,442.118869
2021-08-10,442.61,443.44,441.88,442.68,44951196.0,266365.0,442.660163
2021-08-11,443.82,443.882,442.62,443.78,45383120.0,274029.0,443.439463
2021-08-12,443.62,445.2572,442.66,445.11,39843341.0,261159.0,444.173197
2021-08-13,445.59,445.94,445.07,445.92,40108966.0,232922.0,445.562884
2021-08-16,444.53,447.11,442.87,446.97,74631097.0,407362.0,444.898512
2021-08-17,444.24,444.96,440.85,444.04,94352513.0,594097.0,443.206493
2021-08-18,442.96,444.625,438.92,439.18,91420225.0,510461.0,442.00232
2021-08-19,436.27,441.14,436.12,439.86,94479651.0,682363.0,439.18087
2021-08-20,440.23,443.71,439.71,443.36,73189310.0,408827.0,442.670023
2021-08-23,445.16,448.23,443.4355,447.26,55793374.0,322050.0,447.110839
2021-08-24,447.97,448.54,447.42,447.97,40179908.0,251174.0,448.074993
2021-08-25,448.17,449.457,447.77,448.91,41966967.0,251661.0,448.875956
2021-08-26,448.61,448.86,446.16,446.26,58472550.0,441251.0,447.20774
2021-08-27,447.12,450.65,447.06,450.25,79706113.0,394937.0,449.660978
2021-08-30,450.97,453.07,450.71,452.23,49898245.0,297860.0,452.348406
2021-08-31,452.13,452.49,450.92,451.56,61354794.0,336325.0,451.70378
2021-09-01,452.56,453.11,451.545,451.8,49472969.0,334759.0,452.342848
2021-09-02,453.32,454.05,451.91,453.19,43327950.0,290622.0,452.985326
2021-09-03,451.98,453.63,451.55,453.08,47762540.0,305379.0,452.848467
2021-09-07,452.71,452.81,450.7423,451.46,52416593.0,352208.0,451.666684
2021-09-08,450.89,451.67,448.86,450.91,56880064.0,414397.0,450.435933
2021-09-09,450.7,452.57,448.72,448.98,59078822.0,411810.0,450.244235
2021-09-10,451.04,451.49,445.31,445.44,91228331.0,523300.0,447.652567
2021-09-13,448.64,448.92,444.11,446.58,84654367.0,596044.0,445.994042
2021-09-14,448.12,448.34,443.22,444.17,79354474.0,513536.0,444.846068
2021-09-15,444.62,448.41,443.44,447.88,79886416.0,478421.0,446.428727
2021-09-16,447.32,448.36,444.02,447.17,78496993.0,494062.0,446.343451
2021-09-17,444.92,445.37,441.02,441.4,119686123.0,716359.0,442.287502
2021-09-20,434.88,436.56,428.86,434.04,168323570.0,1162781.0,432.913539
2021-09-21,436.53,437.91,433.07,433.63,93757751.0,688762.0,435.219081
2021-09-22,436.05,440.03,433.747,437.86,103757135.0,775252.0,438.032497
2021-09-23,439.85,444.89,439.6,443.18,77755673.0,560388.0,443.28988
2021-09-24,441.44,444.67,441.21,443.91,63279879.0,405958.0,443.343171
2021-09-27,442.81,444.05,441.9,442.64,62530917.0,426397.0,442.985116
2021-09-28,439.69,440.04,432.94,433.72,132369999.0,948214.0,435.147718
2021-09-29,435.19,437.04,433.85,434.45,83969724.0,598066.0,435.368521
2021-09-30,436.02,436.77,428.78,429.14,143598796.0,928201.0,432.11862
2021-10-01,430.98,436.0329,427.23,434.24,131035258.0,851000.0,431.84711
2021-10-04,433.0,433.96,426.36,428.64,130626145.0,940508.0,428.601033
2021-10-05,430.24,435.49,429.39,433.1,92100880.0,595533.0,433.632646
2021-10-06,429.27,435.1199,427.54,434.9,113897035.0,828092.0,431.531936
2021-10-07,438.39,441.68,438.2,438.66,73716653.0,524657.0,440.116221
2021-10-08,439.48,439.89,437.19,437.86,75477568.0,485436.0,438.469914
2021-10-11,437.16,440.26,434.62,434.69,66278854.0,435659.0,437.269214
2021-10-12,435.67,436.1,432.78,433.62,71939356.0,492215.0,434.404832
2021-10-13,434.71,436.05,431.54,435.18,73949659.0,513025.0,434.058135
2021-10-14,439.08,442.66,438.58,442.5,71905000.0,451187.0,441.383229
2021-10-15,444.75,446.26,444.09,445.87,67668867.0,416907.0,445.391826
2021-10-18,443.97,447.55,443.27,447.19,64093511.0,390494.0,446.334434
2021-10-19,448.92,450.71,448.27,450.64,48371320.0,376982.0,449.891148
2021-10-20,451.13,452.732,451.01,452.41,50871680.0,371076.0,452.013021
2021-10-21,451.77,453.829,451.31,453.59,42397570.0,315671.0,452.48679
2021-10-22,453.13,454.67,451.05,453.12,59430753.0,493812.0,453.006326
2021-10-25,454.28,455.9,452.39,455.55,46427004.0,346373.0,454.763327
2021-10-26,457.2,458.49,455.56,455.96,57470445.0,459690.0,456.995314
2021-10-27,456.45,457.16,453.86,453.94,73588516.0,442832.0,455.591673
2021-10-28,455.46,458.4,455.45,458.32,52962903.0,361423.0,457.352874
2021-10-29,455.87,459.56,455.56,459.25,71616663.0,435113.0,458.235111
2021-11-01,460.3,460.7021,458.2,460.04,49942295.0,408114.0,459.457242
2021-11-02,460.22,462.23,460.08,461.9,50229956.0,342321.0,461.496131
2021-11-03,461.3,465.15,460.83,464.72,54199665.0,427385.0,462.959323
2021-11-04,465.36,467.0,464.99,466.91,53760607.0,386860.0,466.123485
2021-11-05,469.28,470.65,466.92,468.53,67432045.0,493081.0,469.061878
2021-11-08,469.7,470.23,468.2031,468.93,51269918.0,354647.0,469.114862
2021-11-09,469.32,469.57,465.88,467.38,52049013.0,461992.0,467.181034
2021-11-10,465.58,467.38,462.04,463.62,70491976.0,556478.0,464.656487
2021-11-11,465.21,465.29,463.75,463.77,36116860.0,282342.0,464.387286
2021-11-12,465.12,467.86,464.11,467.27,54909239.0,343636.0,466.483937
2021-11-15,468.64,468.81,466.23,467.43,48365823.0,372701.0,467.381358
2021-11-16,467.15,470.485,467.07,469.28,50288743.0,328013.0,469.26687
2021-11-17,469.0,469.19,467.48,468.14,48931843.0,327917.0,468.291935
2021-11-18,469.24,470.01,466.34,469.73,51864988.0,368771.0,468.816388
2021-11-19,469.61,470.94,468.5,468.89,58037857.0,354319.0,469.450034
2021-11-22,470.89,473.54,467.35,467.57,73773729.0,542131.0,470.81676
2021-11-23,467.22,469.095,464.45,468.19,74152789.0,563878.0,466.846448
2021-11-24,466.06,469.57,465.19,469.44,63324418.0,436749.0,468.008838
2021-11-26,462.34,463.9,457.77,458.97,114062469.0,785692.0,460.164268
2021-11-29,464.07,466.56,461.73,464.6,88266156.0,571700.0,464.50959
2021-11-30,462.0,464.03,455.3,455.56,151509808.0,1145811.0,458.201125
2021-12-01,461.64,464.67,450.29,450.5,134806870.0,1039073.0,458.05889
2021-12-02,450.73,459.07,450.31,457.4,130439224.0,1022781.0,456.098111
2021-12-03,459.17,460.3,448.92,453.42,138882255.0,1231283.0,452.540318
2021-12-06,456.13,460.79,453.56,458.79,100786239.0,765881.0,458.068618
2021-12-07,464.41,468.88,458.6546,468.28,98181214.0,640755.0,467.552789
2021-12-08,468.7,470.0,466.83,469.52,73600326.0,507907.0,468.645965
2021-12-09,468.15,469.6291,466.14,466.35,62433012.0,489130.0,467.738811
2021-12-10,469.23,470.9,466.51,470.74,78394925.0,510608.0,469.16165
2021-12-13,470.19,470.56,466.27,466.59,89029534.0,615396.0,467.853947
2021-12-14,463.09,465.74,460.25,463.36,98550028.0,627260.0,462.562271
2021-12-15,463.42,470.86,460.74,470.6,119062600.0,882928.0,465.535431
2021-12-16,472.57,472.87,464.8,466.45,118519493.0,820652.0,468.557791
2021-12-17,461.55,464.74,458.06,459.87,137700311.0,887402.0,461.304636
2021-12-20,454.48,455.4,451.14,454.98,108827152.0,807681.0,453.471183
2021-12-21,458.61,463.21,456.31,463.06,72205719.0,619588.0,460.637552
2021-12-22,462.79,467.81,462.58,467.69,60487971.0,454698.0,465.912143
2021-12-23,468.75,472.19,468.64,470.6,57599846.0,381391.0,470.995459
2021-12-27,472.06,477.31,472.01,477.26,58274737.0,380201.0,475.590037
2021-12-28,477.72,478.81,476.06,476.87,48323486.0,372335.0,477.256445
2021-12-29,476.98,478.56,475.92,477.48,55502324.0,345719.0,477.365562
2021-12-30,477.93,479.0,475.67,476.16,56438446.0,353570.0,477.575982
2021-12-31,475.64,476.86,474.67,474.96,67217721.0,435087.0,475.67195
2022-01-03,476.3,477.85,473.85,477.71,74528525.0,535425.0,476.470483
2022-01-04,479.22,479.98,475.58,477.55,72231283.0,565659.0,477.918823
2022-01-05,477.16,477.98,468.2801,468.38,104678064.0,788715.0,473.17317
2022-01-06,467.89,470.82,465.43,467.94,87839262.0,806493.0,468.512902
2022-01-07,467.95,469.2,464.65,466.09,86364246.0,624528.0,466.883584
2022-01-10,462.7,465.74,456.5973,465.51,120649890.0,963298.0,460.793881
2022-01-11,465.23,469.85,462.05,469.73,75431095.0,626798.0,466.502709
2022-01-12,471.59,473.2,468.94,471.02,68702010.0,632062.0,471.044791
2022-01-13,472.19,472.88,463.44,464.53,93589296.0,724353.0,467.635112
2022-01-14,461.19,465.09,459.9,464.72,97790736.0,855403.0,462.836096
2022-01-18,459.74,459.96,455.31,456.49,111733633.0,911800.0,457.258523
2022-01-19,458.13,459.6124,451.46,451.75,111279125.0,880792.0,455.644454
2022-01-20,453.75,458.74,444.5,446.75,125194304.0,986095.0,452.764598
2022-01-21,445.56,448.06,437.95,437.98,204630712.0,1882909.0,442.379419
2022-01-24,432.03,440.38,420.76,439.84,254361526.0,3263023.0,429.960123
2022-01-25,433.06,439.72,427.15,434.47,170145104.0,1832304.0,433.127091
2022-01-26,440.72,444.04,428.86,433.38,188214247.0,2620803.0,437.192979
2022-01-27,438.26,441.59,429.45,431.24,151882702.0,1837416.0,434.658382
2022-01-28,432.68,442.0,427.82,441.95,166791322.0,1758368.0,435.190618
2022-01-31,441.24,450.28,439.81,449.91,155582114.0,1132224.0,446.608563
2022-02-01,450.68,453.63,446.9384,452.95,125134995.0,1094853.0,450.676038
2022-02-02,455.5,458.12,453.05,457.35,119044971.0,998606.0,456.002218
2022-02-03,450.95,452.97,445.71,446.6,120198289.0,1106480.0,449.432692
2022-02-04,446.35,452.78,443.83,448.7,120819408.0,1161095.0,448.601435
2022-02-07,449.51,450.99,445.85,447.26,86449092.0,759938.0,448.585154
2022-02-08,446.73,451.92,445.22,450.94,83185793.0,685664.0,449.266979
2022-02-09,455.22,457.88,455.005,457.54,95013879.0,670720.0,456.52264
2022-02-10,451.34,457.71,447.2,449.32,142919007.0,1217136.0,452.462968
2022-02-11,449.41,451.605,438.94,440.46,156004637.0,1464448.0,443.985609
2022-02-14,439.92,441.6,435.34,439.02,125379755.0,1148025.0,438.803112
2022-02-15,443.73,446.28,443.18,446.1,91232544.0,751045.0,445.087792
2022-02-16,443.93,448.055,441.94,446.6,84978171.0,784463.0,444.780989
2022-02-17,443.22,446.5652,436.42,437.06,102416116.0,850972.0,439.491567
2022-02-18,437.33,438.66,431.82,434.23,132619100.0,1134344.0,434.954903
2022-02-22,431.89,435.5,425.86,429.57,126971668.0,1213515.0,430.488344
2022-02-23,432.66,433.26,421.35,422.07,132864067.0,1166042.0,425.939728
2022-02-24,411.02,428.76,410.64,427.99,220033458.0,2316988.0,419.609092
2022-02-25,429.61,437.84,427.86,437.75,123640399.0,1140051.0,434.917891
2022-02-28,432.03,438.2,430.7,436.63,149221337.0,1305978.0,434.311956
2022-03-01,435.04,437.17,427.11,429.98,139991559.0,1422070.0,431.156422
2022-03-02,432.37,439.72,431.57,437.89,120234911.0,1252759.0,436.696446
2022-03-03,440.47,441.11,433.8,435.71,105501865.0,1039162.0,436.905751
2022-03-04,431.75,433.37,427.88,432.17,113974262.0,1083494.0,430.579398
2022-03-07,431.55,432.3018,419.36,419.43,138047941.0,1448623.0,423.722261
2022-03-08,419.62,427.21,415.12,416.25,167638902.0,1950904.0,419.91118
2022-03-09,425.14,429.51,422.82,427.41,117271076.0,1133573.0,426.726945
2022-03-10,422.52,426.43,420.44,425.48,95329689.0,917460.0,423.634099
2022-03-11,428.12,428.77,419.53,420.07,95687775.0,835159.0,424.000023
2022-03-14,420.89,424.55,415.79,417.0,95874528.0,897067.0,419.149339
2022-03-15,419.77,426.84,418.42,426.17,108235310.0,949207.0,423.381891
2022-03-16,429.89,435.68,424.8,435.62,144954949.0,1405239.0,431.546686
2022-03-17,433.59,441.07,433.19,441.07,104062578.0,812426.0,437.745814
2022-03-18,438.0,444.86,437.22,444.52,106542902.0,812972.0,441.591837
2022-03-21,444.34,446.46,440.68,444.39,88839174.0,937038.0,443.72015
2022-03-22,445.86,450.58,445.86,449.59,76931148.0,637080.0,448.839184
2022-03-23,446.91,448.49,443.71,443.8,81316132.0,641640.0,445.940083
2022-03-24,445.94,450.5,444.76,450.49,64917269.0,538729.0,447.979543
2022-03-25,451.16,452.98,448.43,452.69,77990305.0,661137.0,450.904496
2022-03-28,452.06,455.91,450.06,455.84,71058111.0,624231.0,453.222488
2022-03-29,460.02,462.07,457.18,461.53,91635758.0,738526.0,459.98939
2022-03-30,460.34,461.195,456.465,458.79,82462768.0,659201.0,458.933229
2022-03-31,457.89,458.76,451.16,451.64,121830006.0,755688.0,455.276967
2022-04-01,453.31,453.46,449.14,452.92,90526299.0,624358.0,451.637593
2022-04-04,453.13,456.91,452.26,456.8,61390954.0,504727.0,455.338444
2022-04-05,455.22,457.83,449.82,451.03,75760010.0,646033.0,453.290988
2022-04-06,446.89,448.93,443.47,446.52,107084639.0,903941.0,446.030103
2022-04-07,445.59,450.69,443.53,448.77,78235837.0,632865.0,447.052123
2022-04-08,447.97,450.63,445.94,447.57,79354344.0,574193.0,448.257651
2022-04-11,444.11,445.0,439.39,439.92,92393812.0,781088.0,441.823635
2022-04-12,443.08,445.75,436.6501,438.29,85677975.0,696837.0,440.870431
2022-04-13,438.03,444.11,437.84,443.31,75731466.0,567448.0,441.569456
2022-04-14,443.55,444.7301,437.68,437.79,100061421.0,705567.0,440.320292
2022-04-18,436.81,439.75,435.61,437.97,67080101.0,575889.0,437.771408
2022-04-19,437.86,445.8,437.68,445.04,79209141.0,599076.0,443.359495
2022-04-20,446.92,447.57,443.48,444.71,66224261.0,595915.0,445.630069
2022-04-21,448.54,450.01,437.1,438.06,86898329.0,722881.0,442.653343
2022-04-22,436.91,438.0825,425.44,426.04,134318097.0,970518.0,429.856012
2022-04-25,423.67,428.69,418.84,428.51,121150668.0,1146072.0,423.707939
2022-04-26,425.83,426.04,416.07,416.1,104173893.0,1007660.0,420.196992
2022-04-27,417.24,422.92,415.01,417.27,122342063.0,1010493.0,419.130523
2022-04-28,422.29,429.64,417.6,427.81,107789356.0,807524.0,424.619909
2022-04-29,423.59,425.87,411.21,412.0,148702518.0,1146290.0,416.77429
2022-05-02,412.07,415.92,405.02,414.48,160312749.0,1466167.0,410.958254
2022-05-03,415.01,418.93,413.36,416.38,102021088.0,854787.0,416.170578
2022-05-04,417.08,429.66,413.7099,429.06,146219632.0,1465495.0,421.261871
2022-05-05,424.55,425.0,409.44,413.81,175971084.0,1586339.0,414.973636
2022-05-06,411.1,414.8,405.73,411.34,153284691.0,1529625.0,410.237083
2022-05-09,405.1,406.41,396.5,398.17,155879661.0,1422455.0,401.230595
2022-05-10,404.49,406.08,394.82,399.09,135027626.0,1467440.0,399.85982
2022-05-11,398.07,404.04,391.96,392.75,144045270.0,1530008.0,397.464628
2022-05-12,389.37,395.8,385.15,392.34,126713465.0,1485294.0,389.854629
2022-05-13,396.71,403.18,395.61,401.72,104349084.0,857305.0,400.265639
2022-05-16,399.98,403.97,397.6,400.09,80100945.0,734542.0,400.574387
2022-05-17,406.53,408.57,402.5824,408.32,83226741.0,743976.0,406.062846
2022-05-18,403.5,403.8,390.55,391.86,117836734.0,967500.0,395.126182
2022-05-19,388.62,394.14,387.11,389.46,99939615.0,937788.0,390.357965
2022-05-20,393.25,397.03,380.54,389.63,131446436.0,1097334.0,386.245461
2022-05-23,392.83,397.73,390.38,396.92,76648121.0,714915.0,395.15103
2022-05-24,392.56,395.15,386.96,393.89,92541551.0,804229.0,391.057283
2022-05-25,392.31,399.45,391.89,397.37,92887420.0,768577.0,395.982147
2022-05-26,398.67,407.04,398.45,405.31,83804711.0,606439.0,404.707779
2022-05-27,407.91,415.3801,407.7,415.26,87207078.0,601624.0,412.60133
2022-05-31,413.55,416.46,410.03,412.93,97389986.0,713846.0,413.402171
2022-06-01,415.17,416.24,406.93,409.59,87995482.0,697750.0,410.640075
2022-06-02,409.42,417.44,407.04,417.34,81695452.0,616253.0,413.262907
2022-06-03,412.4,414.04,409.51,410.54,72004446.0,576320.0,411.292328
2022-06-06,414.78,416.609,410.5523,411.79,58402477.0,473555.0,413.175019
2022-06-07,408.1,416.22,407.61,415.74,59483946.0,481783.0,412.955517
2022-06-08,413.93,415.82,410.38,411.22,65642329.0,505050.0,412.649919
2022-06-09,409.34,411.74,401.44,401.44,88177354.0,580043.0,406.674728
2022-06-10,394.88,395.7777,389.75,389.8,135486175.0,910961.0,391.628764
2022-06-13,379.85,381.81,373.3,375.0,173443346.0,1138052.0,377.168876
2022-06-14,376.85,377.94,370.59,373.87,105591082.0,826157.0,374.188769
2022-06-15,377.36,383.9,372.12,379.2,128798622.0,1079876.0,378.339522
2022-06-16,370.51,370.94,364.0799,366.65,138951395.0,911471.0,367.08129
2022-06-17,365.51,369.38,362.17,365.86,111452712.0,824882.0,366.377372
2022-06-21,371.89,376.525,371.81,375.07,79074527.0,581114.0,374.981581
2022-06-22,370.62,378.72,370.18,374.39,91634199.0,607597.0,375.518947
2022-06-23,376.64,378.83,372.89,378.06,80303462.0,632100.0,376.116511
2022-06-24,381.4,390.09,381.365,390.08,98013848.0,629863.0,387.019806
2022-06-27,391.05,391.36,387.44,388.59,67337838.0,555371.0,389.046068
2022-06-28,390.23,393.16,380.53,380.65,88649297.0,643734.0,384.920451
2022-06-29,381.23,382.27,378.42,380.34,65793757.0,522702.0,380.363657
2022-06-30,376.24,380.6582,372.56,377.25,114444484.0,805234.0,376.857033
2022-07-01,376.56,381.7,373.8,381.24,76230298.0,604443.0,378.114662
2022-07-05,375.88,381.98,372.9,381.96,81666726.0,649492.0,377.050221
2022-07-06,382.11,385.87,379.6,383.25,71417341.0,619252.0,382.49966
2022-07-07,385.12,389.83,383.267,388.99,66586715.0,470174.0,387.930902
2022-07-08,387.27,390.64,385.66,388.67,73126115.0,512460.0,388.654196
2022-07-11,385.85,386.87,383.5,384.23,60196162.0,475891.0,384.72058
2022-07-12,383.65,386.16,378.99,380.83,63304211.0,514049.0,382.692784
2022-07-13,375.1,381.92,374.658,378.83,85453239.0,677549.0,378.914292
2022-07-14,373.61,379.0498,371.04,377.91,91022894.0,642064.0,374.957757
2022-07-15,382.55,385.25,380.54,385.13,80721517.0,489042.0,383.79446
2022-07-18,388.38,389.09,380.66,381.95,64573224.0,492283.0,385.346133
2022-07-19,386.08,392.87,385.39,392.27,80462808.0,536190.0,390.166063
2022-07-20,392.47,396.26,391.03,394.77,72028992.0,529992.0,394.267701
2022-07-21,394.16,398.84,391.63,398.79,65044042.0,524204.0,395.955315
2022-07-22,398.92,400.18,392.75,395.09,73212677.0,527753.0,395.916671
2022-07-25,395.75,396.47,393.21,395.57,54460198.0,440041.0,394.966565
2022-07-26,393.84,394.06,389.95,390.89,54110744.0,438458.0,391.615075
2022-07-27,394.36,402.88,394.05,401.04,84389399.0,597553.0,398.689209
2022-07-28,401.89,406.8,398.15,406.04,75478050.0,570082.0,403.60196
2022-07-29,407.58,413.03,406.77,411.99,88654585.0,544908.0,410.841191
2022-08-01,409.15,413.41,408.4,410.77,71138117.0,518953.0,411.059626
2022-08-02,409.12,413.0,406.82,408.06,64549577.0,505802.0,409.731569
2022-08-03,410.3,415.68,410.0,414.45,69189866.0,465615.0,413.507299
2022-08-04,414.37,415.09,412.44,414.17,46473255.0,365314.0,414.027929
2022-08-05,409.66,414.15,409.6,413.47,57663233.0,454803.0,412.239958
2022-08-08,415.25,417.62,411.83,412.99,54800278.0,422677.0,414.546522
2022-08-09,412.22,412.75,410.22,411.35,45025319.0,367153.0,411.277407
2022-08-10,418.78,420.14,416.72,419.99,70131594.0,476084.0,419.028098
2022-08-11,422.99,424.95,419.21,419.99,60543614.0,444588.0,421.773881
2022-08-12,422.03,427.21,421.03,427.1,62922310.0,396399.0,424.717573
2022-08-15,424.765,429.41,424.71,428.86,54947334.0,375076.0,427.700801
2022-08-16,427.73,431.73,426.88,429.7,60027042.0,411678.0,429.331999
2022-08-17,425.91,429.5,424.54,426.65,64678140.0,453976.0,426.761299
2022-08-18,426.86,428.61,425.5,427.89,49133661.0,332726.0,427.150051
2022-08-19,424.98,425.26,421.22,422.14,69269902.0,437150.0,422.773224
2022-08-22,417.05,417.23,412.4,413.35,79484165.0,485003.0,414.316024
2022-08-23,412.9,415.42,411.77,412.35,49771778.0,390372.0,413.132884
2022-08-24,412.11,415.1101,411.39,413.67,50531686.0,335700.0,413.431403
2022-08-25,415.24,419.56,414.09,419.51,51062473.0,339152.0,417.031441
2022-08-26,419.39,419.96,405.25,405.31,105714602.0,669022.0,410.445786
2022-08-29,402.2,405.84,401.1999,402.63,66499372.0,490122.0,403.484293
2022-08-30,403.85,404.1,396.0,398.21,87190352.0,610728.0,398.711785
2022-08-31,399.93,401.24,395.04,395.18,77635142.0,504194.0,397.443479
2022-09-01,392.89,396.78,390.04,396.42,80204169.0,597633.0,392.878791
2022-09-02,400.28,401.555,390.33,392.24,101452968.0,641089.0,395.556756
2022-09-06,393.13,394.12,388.42,390.76,77511258.0,559131.0,391.132208
2022-09-07,390.43,398.59,390.2,397.78,73982489.0,489059.0,395.409165
2022-09-08,395.39,400.86,394.12,400.38,82038578.0,553640.0,398.227914
2022-09-09,402.74,407.51,402.46,406.6,79609462.0,483476.0,405.749692
2022-09-12,408.78,411.73,408.46,410.97,70935353.0,491339.0,410.31701
2022-09-13,401.83,403.1,391.92,393.1,127102562.0,794564.0,396.838883
2022-09-14,394.47,396.2,391.12,394.6,85900310.0,542479.0,393.831614
2022-09-15,392.96,395.96,388.78,390.12,89118469.0,609227.0,391.846225
2022-09-16,384.14,386.25,382.11,385.56,105150204.0,671817.0,384.283879
2022-09-19,382.26,388.55,382.1784,388.55,74700086.0,495872.0,386.071684
2022-09-20,385.06,386.12,381.195,384.09,78403121.0,559052.0,383.86603
2022-09-21,386.11,389.31,377.38,377.39,106950971.0,815176.0,383.61324
2022-09-22,376.58,378.3,373.44,374.22,90697405.0,634131.0,375.275273
2022-09-23,370.58,370.62,363.29,367.95,123734270.0,842891.0,366.924707
2022-09-26,366.41,370.21,363.0299,364.31,93929206.0,638379.0,365.94386
2022-09-27,368.02,370.4,360.87,363.38,108682037.0,778818.0,364.642136
2022-09-28,364.38,372.3,362.6,370.53,113902548.0,711999.0,368.362402
2022-09-29,366.81,367.11,359.7,362.79,115299507.0,794135.0,362.381244
2022-09-30,361.8,365.91,357.04,357.18,156959533.0,850229.0,360.626162
2022-10-03,361.08,368.55,359.21,366.61,92907273.0,622496.0,365.171977
2022-10-04,372.4,378.0,366.5677,377.97,107566221.0,688743.0,376.394273
2022-10-05,373.39,379.46,370.95,377.09,89081904.0,583909.0,375.219357
2022-10-06,375.62,378.72,372.68,373.2,84084215.0,585050.0,374.901703
2022-10-07,368.97,373.2933,360.94,362.79,110845119.0,667068.0,364.216926
2022-10-10,363.96,364.21,357.67,360.02,77136053.0,597681.0,360.769176
2022-10-11,358.235,363.03,355.71,357.74,93767440.0,694971.0,358.762245
2022-10-12,358.17,359.8179,356.3,356.56,78063648.0,552832.0,358.048373
2022-10-13,349.205,367.51,348.11,365.97,151012977.0,1116018.0,360.528825
2022-10-14,368.55,370.26,356.96,357.63,126393363.0,821613.0,360.768904
2022-10-17,364.01,367.9799,357.2808,366.82,96144971.0,613081.0,366.586347
2022-10-18,375.13,375.45,367.52,371.13,98962943.0,678100.0,371.092871
2022-10-19,368.99,371.85,365.55,368.5,81191329.0,534024.0,368.506108
2022-10-20,368.03,372.67,364.61,365.41,89795566.0,637990.0,367.835011
2022-10-21,365.12,374.8,363.54,374.29,134419474.0,720347.0,370.760131
2022-10-24,375.89,380.06,373.11,378.87,87697246.0,627087.0,377.404097
2022-10-25,378.79,385.25,378.671,384.92,80716012.0,599910.0,383.154798
2022-10-26,381.62,387.58,381.35,382.02,104989718.0,659898.0,383.787379
2022-10-27,383.07,385.0,379.33,379.98,83114489.0,602264.0,381.629019
2022-10-28,379.87,389.52,379.68,389.02,103100112.0,597440.0,386.343814
2022-10-31,386.44,388.4,385.26,386.21,97000212.0,593420.0,386.633242
2022-11-01,390.14,390.39,383.29,384.52,85675227.0,542405.0,385.546624
2022-11-02,383.9,388.63,374.76,374.87,129869586.0,896387.0,381.393905
2022-11-03,371.465,374.2,368.79,371.01,87348809.0,642147.0,372.014603
2022-11-04,377.0,378.87,370.0,376.35,106018690.0,704416.0,374.238234
2022-11-07,377.71,380.57,375.53,379.95,68286947.0,479700.0,378.277049
2022-11-08,381.11,385.12,377.72,382.0,84641062.0,602485.0,382.082541
2022-11-09,379.93,381.14,373.61,374.13,78495470.0,595032.0,377.041946
2022-11-10,388.05,395.04,385.642,394.69,141455847.0,963919.0,391.148514
2022-11-11,395.59,399.35,393.61,398.51,93752318.0,650865.0,396.967279
2022-11-14,396.66,400.1799,394.83,395.12,71893165.0,528091.0,397.704826
2022-11-15,401.15,402.31,394.49,398.49,93194452.0,751201.0,398.801903
2022-11-16,396.78,397.78,394.79,395.45,68508454.0,485119.0,395.993559
2022-11-17,390.46,394.95,390.14,394.24,74496255.0,499524.0,392.571416
2022-11-18,397.74,397.81,393.04,396.03,92769313.0,523108.0,395.271884
2022-11-21,394.64,395.82,392.66,394.59,51243189.0,401650.0,394.472748
2022-11-22,396.63,400.07,395.1527,399.9,60429025.0,416891.0,398.281932
2022-11-23,399.55,402.93,399.31,402.42,68261628.0,476626.0,401.573894
2022-11-25,401.83,402.91,401.535,402.33,30545434.0,184647.0,402.305318
2022-11-28,399.09,400.81,395.11,395.91,68021749.0,441562.0,397.510431
2022-11-29,396.05,397.3,393.3,395.23,52310039.0,421324.0,395.154646
2022-11-30,395.49,407.68,393.48,407.68,144566653.0,814133.0,401.661571
2022-12-01,408.77,410.0,404.75,407.38,76398170.0,600444.0,407.328242
2022-12-02,402.25,407.86,402.14,406.91,85266739.0,573028.0,405.03909
2022-12-05,403.95,404.93,398.17,399.59,77289815.0,553485.0,400.969875
2022-12-06,399.42,399.99,391.64,393.83,77972217.0,613994.0,394.570567
2022-12-07,392.94,395.64,391.97,393.16,65927896.0,486280.0,393.466637
2022-12-08,395.14,397.36,393.2684,396.24,60737912.0,463709.0,395.802133
2022-12-09,394.94,397.62,393.15,393.28,81353584.0,483853.0,395.484909
2022-12-12,394.11,398.95,393.412,398.95,75405835.0,442294.0,396.379045
2022-12-13,410.22,410.49,399.07,401.97,123782534.0,894907.0,403.752566
2022-12-14,401.61,405.5,396.31,399.4,108111349.0,851107.0,401.197115
2022-12-15,394.3,395.25,387.885,389.63,117705889.0,851158.0,390.185716
2022-12-16,385.18,386.575,381.04,383.27,118935616.0,744379.0,383.313969
2022-12-19,383.47,383.82,378.28,380.02,79878103.0,521301.0,380.520396
2022-12-20,379.23,382.23,377.85,380.54,74427240.0,513483.0,380.652492
2022-12-21,383.25,387.41,382.69,386.23,78167369.0,478300.0,385.729961
2022-12-22,383.05,386.2134,374.77,380.72,100120855.0,679690.0,378.73883
2022-12-23,379.65,383.06,378.03,382.91,59746356.0,440048.0,381.401058
2022-12-27,382.79,383.15,379.65,381.4,51638180.0,429000.0,381.687532
2022-12-28,381.33,383.39,376.42,376.66,70911520.0,503138.0,378.853308
2022-12-29,379.63,384.35,379.08,383.44,66970877.0,481641.0,382.974511
2022-12-30,380.64,382.58,378.43,382.43,83957691.0,547366.0,380.729005
2023-01-03,384.37,386.43,377.831,380.82,74850731.0,590240.0,380.745269
2023-01-04,383.18,385.88,380.0,383.76,85934098.0,632808.0,383.265078
2023-01-05,381.72,381.84,378.76,379.38,76970456.0,530899.0,380.035868
2023-01-06,382.61,389.25,379.4127,388.08,104026233.0,685781.0,385.902328
2023-01-09,390.37,393.7,387.67,387.86,73978071.0,549428.0,390.656766
2023-01-10,387.25,390.65,386.27,390.58,65358094.0,471959.0,389.040646
2023-01-11,392.23,395.6,391.38,395.52,68881080.0,452704.0,393.616153
2023-01-12,396.67,398.485,392.42,396.96,90157699.0,665043.0,396.309109
2023-01-13,393.62,399.1,393.34,398.5,63859516.0,467201.0,396.718299
2023-01-17,398.48,400.23,397.06,397.77,62677281.0,437654.0,398.242945
2023-01-18,399.01,400.12,391.28,391.49,99632262.0,642981.0,394.70018
2023-01-19,389.36,391.08,387.26,388.64,86958919.0,548675.0,389.190535
2023-01-20,390.1,396.04,388.38,395.88,91540638.0,504225.0,392.969496
2023-01-23,396.72,402.645,395.72,400.63,84178797.0,568459.0,400.082313
2023-01-24,398.88,401.15,397.64,400.2,59524911.0,434104.0,399.84265
2023-01-25,395.95,400.7,393.56,400.35,84800251.0,583223.0,397.312324
2023-01-26,403.13,404.92,400.03,404.75,72287425.0,521284.0,402.67866
2023-01-27,403.655,408.16,403.44,405.68,68270538.0,494449.0,405.931049
2023-01-30,402.8,405.13,400.28,400.59,74202018.0,514525.0,402.146956
2023-01-31,401.13,406.53,400.77,406.48,86811786.0,512621.0,404.063925
2023-02-01,405.211,413.67,402.35,410.8,101459155.0,833210.0,407.75213
2023-02-02,414.86,418.31,412.88,416.78,101654463.0,724700.0,415.630859
2023-02-03,411.59,416.97,411.09,412.35,94630250.0,662995.0,413.730363
2023-02-06,409.79,411.29,408.1,409.83,60295325.0,461546.0,409.912605
2023-02-07,408.87,416.49,407.57,415.19,90990745.0,695519.0,411.944012
2023-02-08,413.13,414.53,409.93,410.65,76227462.0,529228.0,411.627628
2023-02-09,414.41,414.57,405.81,407.09,78694859.0,566609.0,409.784453
2023-02-10,405.86,408.44,405.01,408.04,70726597.0,488396.0,406.937113
2023-02-13,408.72,412.97,408.24,412.83,64913539.0,426599.0,411.58948
2023-02-14,411.24,415.05,408.511,412.64,88389313.0,627808.0,411.963394
2023-02-15,410.35,414.06,409.47,413.98,61685279.0,427502.0,412.009387
2023-02-16,408.79,412.91,408.14,408.28,76431469.0,583413.0,410.355226
2023-02-17,406.06,407.51,404.05,407.26,89166502.0,561230.0,405.822796
2023-02-21,403.06,404.16,398.82,399.09,82655924.0,559129.0,400.691052
2023-02-22,399.52,401.13,397.02,398.54,83742293.0,568097.0,398.939363
2023-02-23,401.56,402.2,396.25,400.66,96242399.0,740996.0,399.539795
2023-02-24,395.42,397.25,393.64,396.38,108144871.0,753684.0,395.377676
2023-02-27,399.87,401.29,396.75,397.73,80444736.0,592301.0,398.74887
2023-02-28,397.23,399.28,396.15,396.26,96438567.0,600688.0,397.587043
2023-03-01,395.41,396.69,393.38,394.74,99706823.0,699148.0,394.998211
2023-03-02,392.68,398.69,392.33,397.81,85404726.0,612512.0,395.376373
2023-03-03,399.71,404.45,399.03,404.19,90032260.0,642924.0,402.193907
2023-03-06,405.05,407.45,404.01,404.47,72795946.0,539397.0,405.601533
2023-03-07,404.42,404.67,397.625,398.27,108310596.0,776311.0,400.153357
2023-03-08,398.39,399.71,396.59,398.92,74746632.0,578078.0,398.186276
2023-03-09,399.74,401.48,390.53,391.56,111945322.0,849092.0,395.581285
2023-03-10,390.99,393.16,384.32,385.91,189443810.0,1382948.0,388.153271
2023-03-13,381.81,390.39,380.65,385.36,157748594.0,1390572.0,386.165088
2023-03-14,390.5,393.45,387.05,391.73,149752357.0,1032582.0,390.723432
2023-03-15,385.89,389.49,383.71,389.28,172976539.0,1334145.0,386.723831
2023-03-16,386.82,396.47,386.29,396.11,143753940.0,999801.0,392.935123
2023-03-17,393.22,394.4,388.55,389.99,140069974.0,919378.0,390.746594
2023-03-20,390.8,394.17,390.07,393.74,93055783.0,725425.0,392.564275
2023-03-21,397.24,399.41,395.58,398.91,91524248.0,629617.0,397.454895
2023-03-22,398.73,402.49,392.07,392.11,111746583.0,874190.0,397.986282
2023-03-23,395.09,399.29,390.35,393.17,119351319.0,871935.0,394.846128
2023-03-24,391.841,395.84,389.4,395.75,107684280.0,806051.0,392.872352
2023-03-27,398.12,398.92,395.56,396.49,74010408.0,569544.0,397.047641
2023-03-28,395.77,396.49,393.69,395.6,62871680.0,494862.0,395.150028
2023-03-29,399.925,401.6,398.68,401.35,77497876.0,553838.0,400.203727
2023-03-30,404.09,404.35,401.76,403.7,69840049.0,516344.0,403.277749
2023-03-31,404.66,409.7,404.55,409.39,111956715.0,694257.0,407.434197
2023-04-03,408.85,411.37,408.44,410.95,67391097.0,569791.0,409.98359
2023-04-04,411.62,411.92,407.24,408.67,66601534.0,537050.0,409.142902
2023-04-05,407.91,408.7,405.88,407.6,65200243.0,524249.0,407.224848
2023-04-06,406.77,409.48,405.678,409.19,63743345.0,482110.0,407.996383
2023-04-10,406.61,409.69,405.97,409.61,63681042.0,468057.0,407.832289
2023-04-11,410.26,411.18,408.92,409.72,59297945.0,402951.0,410.065427
2023-04-12,411.87,412.17,407.44,408.05,86420379.0,639356.0,409.703665
2023-04-13,409.18,413.84,407.9922,413.47,85814754.0,566796.0,411.780016
2023-04-14,412.81,415.09,410.06,412.46,78135828.0,592073.0,412.133862
2023-04-17,412.37,413.96,411.085,413.94,66424139.0,477935.0,412.522809
2023-04-18,415.58,415.72,412.7802,414.21,63559997.0,493081.0,414.06363
2023-04-19,412.22,415.08,412.16,414.14,55227330.0,420720.0,413.658114
2023-04-20,411.21,413.7,410.27,411.88,75840359.0,546274.0,411.935504
2023-04-21,412.19,412.68,410.17,412.2,73434638.0,480045.0,411.703492
2023-04-24,411.99,413.07,410.6,412.63,64332095.0,463295.0,412.026933
2023-04-25,410.58,411.16,406.02,406.08,97766721.0,611558.0,408.10173
2023-04-26,406.72,407.84,403.78,404.36,80447049.0,571685.0,405.666106
2023-04-27,407.0,412.69,406.74,412.41,92968369.0,614869.0,410.230423
2023-04-28,411.49,415.94,411.43,415.93,89312589.0,611065.0,414.408081
2023-05-01,415.47,417.62,415.265,415.51,62122254.0,502374.0,416.254411
2023-05-02,414.77,414.82,407.82,410.84,103998484.0,750845.0,410.494823
2023-05-03,411.36,413.87,407.77,408.02,91531769.0,737915.0,410.858464
2023-05-04,406.93,407.27,403.74,405.13,94901863.0,716763.0,405.369131
2023-05-05,408.91,413.72,408.64,412.63,87832433.0,577848.0,411.604143
2023-05-08,412.97,413.24,411.28,412.74,50046768.0,422762.0,412.479657
2023-05-09,411.13,412.09,410.6894,410.93,49220119.0,385994.0,411.300577
2023-05-10,413.88,414.535,408.87,412.85,96142922.0,691578.0,411.955869
2023-05-11,411.95,412.43,409.97,412.13,70157064.0,530526.0,411.350862
2023-05-12,413.42,413.64,409.07,411.59,70441226.0,500185.0,410.98957
2023-05-15,412.22,413.43,410.23,413.01,54289383.0,427865.0,412.048136
2023-05-16,411.86,412.815,410.24,410.25,57705495.0,447536.0,411.425832
2023-05-17,412.35,415.855,410.635,415.23,87286957.0,585039.0,413.86749
2023-05-18,414.9,419.67,414.67,419.23,97177195.0,672492.0,417.252302
2023-05-19,420.17,420.72,417.35,418.62,103625186.0,640868.0,418.932449
2023-05-22,418.64,420.39,417.35,418.79,60745399.0,493532.0,419.068605
2023-05-23,417.08,418.722,413.68,414.09,86383493.0,624936.0,415.863124
2023-05-24,412.42,412.82,409.8795,411.09,89213678.0,673415.0,411.050076
2023-05-25,414.74,416.16,412.4101,414.65,90961606.0,672404.0,414.136975
2023-05-26,415.33,420.77,415.25,420.02,93687752.0,625214.0,419.208624
2023-05-30,422.03,422.58,418.735,420.18,72215960.0,609042.0,420.454392
2023-05-31,418.28,419.22,416.22,417.85,111771940.0,665151.0,417.726299
2023-06-01,418.09,422.92,416.79,421.82,88865018.0,653408.0,420.514542
2023-06-02,424.5,428.74,423.95,427.92,91426171.0,678309.0,427.125566
2023-06-05,428.28,429.67,426.37,427.1,70216018.0,551798.0,428.039599
2023-06-06,426.67,428.5772,425.99,428.03,64022176.0,491102.0,427.538687
2023-06-07,428.44,429.62,426.11,426.55,85372762.0,582563.0,427.313278
2023-06-08,426.62,429.6,425.82,429.13,61952842.0,473941.0,428.248763
2023-06-09,429.96,431.99,428.87,429.9,85647169.0,594919.0,430.357809
2023-06-12,430.92,433.88,430.17,433.8,76256703.0,523160.0,431.998351
2023-06-13,435.32,437.33,434.63,436.66,95898626.0,672828.0,436.271556
2023-06-14,437.01,439.0612,433.59,437.18,100608099.0,712238.0,436.588374
2023-06-15,436.33,443.9,436.23,442.6,110301303.0,748181.0,441.025612
2023-06-16,443.02,443.6078,438.97,439.46,114164649.0,631588.0,440.933417
2023-06-20,437.45,438.37,435.03,437.18,76160359.0,550939.0,437.022449
2023-06-21,436.16,436.99,434.33,434.94,76982252.0,551344.0,435.457956
2023-06-22,433.95,436.62,433.6,436.51,70637175.0,479203.0,435.377934
2023-06-23,432.93,435.06,432.47,433.21,92075438.0,553269.0,433.605841
2023-06-26,432.62,434.61,431.19,431.44,72823560.0,509726.0,432.554648
2023-06-27,432.35,436.81,431.88,436.17,72813700.0,497930.0,434.836564
2023-06-28,435.05,437.44,434.41,436.39,75635976.0,537350.0,435.639277
2023-06-29,435.96,438.28,435.54,438.11,67882305.0,474149.0,437.242912
2023-06-30,441.44,444.3,441.11,443.28,102201286.0,581165.0,443.155802
2023-07-03,442.92,444.08,442.63,443.79,32501144.0,251275.0,443.529847
2023-07-05,441.91,443.889,441.9,443.13,58418434.0,415751.0,443.259394
2023-07-06,439.42,440.1,437.06,439.66,80658303.0,567513.0,438.738257
2023-07-07,438.63,442.64,438.3,438.55,86134179.0,530029.0,440.230389
2023-07-10,438.18,439.84,437.585,439.66,62443502.0,419236.0,438.899656
2023-07-11,440.45,442.97,439.44,442.46,64463753.0,455994.0,441.220616
2023-07-12,446.39,447.4799,444.91,446.02,91924527.0,585101.0,446.181568
2023-07-13,447.9,450.38,447.45,449.56,72425242.0,449369.0,448.876482
2023-07-14,450.475,451.36,448.49,449.28,69815823.0,484539.0,449.914943
2023-07-17,449.13,451.93,449.08,450.84,52680223.0,385757.0,450.54018
2023-07-18,450.5,454.86,450.0484,454.19,80744449.0,519351.0,453.220529
2023-07-19,455.01,456.43,454.1119,455.2,65891689.0,502907.0,455.518782
2023-07-20,454.17,455.1,451.44,452.18,70591643.0,532941.0,453.290805
2023-07-21,453.96,454.165,452.17,452.18,71275619.0,475417.0,453.038753
2023-07-24,453.37,455.04,452.298,454.2,54023384.0,400896.0,454.005663
2023-07-25,453.92,456.735,453.87,455.44,55191240.0,383335.0,455.463449
2023-07-26,454.47,456.99,453.38,455.51,71052885.0,527718.0,454.911179
2023-07-27,459.02,459.44,451.55,452.49,92194375.0,627051.0,455.493493
2023-07-28,455.88,457.78,452.4918,456.92,80011791.0,528395.0,456.623523
2023-07-31,457.41,458.16,456.045,457.79,62040450.0,438677.0,457.084331
2023-08-01,456.27,457.25,455.49,456.48,55502201.0,418014.0,456.383162
2023-08-02,453.25,453.52,449.3499,450.13,93933371.0,622259.0,451.088424
2023-08-03,448.04,450.79,447.37,448.84,64928592.0,486817.0,449.120949
2023-08-04,450.72,452.895,446.27,446.81,101621488.0,663141.0,449.335135
2023-08-07,448.71,450.865,447.99,450.71,58357466.0,445170.0,449.56755
2023-08-08,448.08,450.6952,445.2705,448.75,71361326.0,527040.0,447.102653
2023-08-09,449.03,449.1999,444.96,445.75,78789577.0,559468.0,447.046387
2023-08-10,448.19,451.7,444.7,445.91,93005596.0,680010.0,447.732813
2023-08-11,443.97,446.7007,443.345,445.65,68690903.0,502514.0,445.227517
2023-08-14,444.7,448.11,444.38,448.11,47867443.0,404518.0,446.707026
2023-08-15,446.27,446.64,442.3,442.89,75707535.0,540999.0,444.041957
2023-08-16,442.46,444.18,439.53,439.64,80107206.0,569003.0,441.737049
2023-08-17,441.16,441.43,435.75,436.29,95711317.0,582074.0,438.53454
2023-08-18,433.37,437.57,433.01,436.5,98851962.0,636961.0,435.523016
2023-08-21,437.55,440.11,435.32,439.34,68718959.0,524987.0,437.943555
2023-08-22,441.18,441.18,437.57,438.15,65062863.0,476084.0,438.849812
2023-08-23,439.25,443.67,439.1,443.03,68441023.0,469244.0,442.074486
2023-08-24,444.69,445.22,436.855,436.89,88517274.0,584152.0,440.18634
2023-08-25,438.68,441.3,435.0,439.97,102325105.0,651734.0,438.674896
2023-08-28,442.24,443.4,439.9728,442.76,61595395.0,457440.0,442.099326
2023-08-29,442.65,449.45,442.46,449.16,83081918.0,560023.0,447.340071
2023-08-30,449.51,451.67,448.78,451.01,69053913.0,480799.0,450.668427
2023-08-31,451.65,452.83,450.16,450.35,66084565.0,446692.0,451.450784
2023-09-01,453.17,453.67,449.68,451.19,58944100.0,444469.0,451.242431
2023-09-05,450.73,451.06,449.17,449.24,55166212.0,451488.0,450.022758
2023-09-06,448.4,448.51,443.81,446.22,70758514.0,535484.0,445.9379
2023-09-07,443.11,445.55,442.75,444.85,70355427.0,487844.0,444.444182
2023-09-08,444.9,447.11,444.53,445.52,62068439.0,405861.0,445.773127
2023-09-11,448.24,448.77,446.4699,448.45,60180120.0,432854.0,447.792508
2023-09-12,446.95,448.53,445.39,445.99,67565424.0,453020.0,446.730846
2023-09-13,446.22,447.71,445.0793,446.51,60199274.0,460627.0,446.610494
2023-09-14,449.07,451.08,447.715,450.36,83430816.0,508850.0,449.787728
2023-09-15,447.14,447.48,442.92,443.37,111907859.0,665595.0,444.532317
2023-09-18,443.05,444.97,442.56,443.63,55752214.0,412316.0,443.77274
2023-09-19,442.68,443.29,439.94,442.71,66514650.0,445860.0,441.776333
2023-09-20,444.01,444.435,438.43,438.64,82562603.0,507727.0,441.767343
2023-09-21,435.7,435.97,431.23,431.39,104095828.0,677716.0,433.531931
2023-09-22,432.45,434.1,429.99,430.42,100829685.0,637169.0,431.963913
2023-09-25,429.17,432.27,428.72,432.23,70874824.0,488035.0,430.821922
2023-09-26,429.09,429.82,425.02,425.88,96172890.0,633690.0,426.957824
2023-09-27,427.09,427.67,422.29,426.05,104707452.0,693420.0,425.318961
2023-09-28,425.48,430.2499,424.87,428.52,92258310.0,616077.0,428.075782
2023-09-29,431.67,431.85,425.91,427.48,115111320.0,745038.0,428.545486
2023-10-02,426.62,428.6,424.46,427.31,83798601.0,668260.0,426.261623
2023-10-03,425.06,427.3729,420.18,421.59,103760609.0,741557.0,422.128681
2023-10-04,422.07,425.4299,420.56,424.66,87452970.0,645255.0,423.107614
2023-10-05,424.36,425.37,421.1701,424.5,70142746.0,532999.0,423.455001
2023-10-06,421.97,431.125,420.6,429.54,113273311.0,737828.0,427.159248
2023-10-09,427.58,432.88,427.0101,432.29,80374364.0,509698.0,430.205437
2023-10-10,432.94,437.22,432.53,434.54,78607270.0,559799.0,435.140075
2023-10-11,435.64,436.58,433.18,436.32,62451738.0,452206.0,435.052404
2023-10-12,436.95,437.335,431.23,433.66,81154231.0,607473.0,434.358332
2023-10-13,435.21,436.45,429.88,431.5,95201134.0,665922.0,432.309892
2023-10-16,433.82,437.14,433.57,436.04,75433196.0,540501.0,435.890333
2023-10-17,432.81,438.14,432.45,436.02,75324710.0,579314.0,435.375516
2023-10-18,434.19,435.18,429.09,430.21,93559799.0,691077.0,432.050355
2023-10-19,430.95,432.82,425.725,426.43,121322959.0,880806.0,429.01525
2023-10-20,425.98,426.54,421.08,421.19,123919876.0,733333.0,423.093437
2023-10-23,419.61,424.45,417.8,420.46,92035097.0,668638.0,421.493013
2023-10-24,422.65,424.82,420.74,423.63,78564241.0,579424.0,423.120458
2023-10-25,421.89,421.92,417.015,417.55,94223200.0,753892.0,418.906854
2023-10-26,416.45,417.325,411.6,412.55,115156763.0,846343.0,414.080466
2023-10-27,414.19,414.6,409.21,410.68,107367673.0,800491.0,411.525153
2023-10-30,413.56,416.68,412.22,415.59,86562677.0,638015.0,414.72065
2023-10-31,416.18,418.53,414.21,418.2,79665152.0,563417.0,416.879135
2023-11-01,419.2,423.5,418.6499,422.66,98068117.0,724433.0,421.069909
2023-11-02,426.58,430.915,426.56,430.76,94938911.0,639385.0,429.27968
2023-11-03,433.14,436.29,433.01,434.69,100167777.0,647003.0,434.861912
2023-11-06,435.47,436.1498,433.68,435.69,67831662.0,494718.0,435.038606
2023-11-07,435.69,437.585,434.51,436.93,64256116.0,488374.0,436.624446
2023-11-08,437.55,438.09,434.87,437.25,61746029.0,461557.0,436.806629
2023-11-09,438.43,438.47,433.4,433.84,83174419.0,622940.0,435.595384
2023-11-10,435.98,440.93,433.8335,440.61,89558056.0,585764.0,438.197768
2023-11-13,439.23,441.33,438.42,440.19,52236070.0,406682.0,440.011295
2023-11-14,446.32,450.06,446.09,448.73,97176937.0,653304.0,448.546562
2023-11-15,450.11,451.38,448.8,449.68,77327573.0,555373.0,450.105605
2023-11-16,449.22,450.56,448.12,450.23,66665799.0,507746.0,449.425341
2023-11-17,450.24,451.42,449.29,450.79,83193904.0,439854.0,450.418855
2023-11-20,450.53,455.125,450.52,454.26,70055635.0,488764.0,453.459404
2023-11-21,453.1842,454.131,451.9599,453.27,49244640.0,405391.0,452.975029
2023-11-22,454.98,456.38,453.8895,455.02,59446575.0,479664.0,455.087224
2023-11-24,455.07,455.5,454.73,455.3,29737377.0,190770.0,455.060299
2023-11-27,454.65,455.4901,454.0799,454.48,50505987.0,400700.0,454.800792
2023-11-28,454.08,456.27,453.5,454.93,62115013.0,461132.0,454.746196
2023-11-29,457.15,458.32,454.2,454.61,63145994.0,455449.0,455.932414
2023-11-30,455.48,456.76,453.34,456.4,79752702.0,516019.0,455.025693
2023-12-01,455.77,459.65,455.16,459.1,89183402.0,606484.0,457.960591
2023-12-04,455.6,459.1206,454.34,456.69,72431488.0,538575.0,455.931175
2023-12-05,455.26,457.59,454.87,456.6,69793569.0,483242.0,456.267218
2023-12-06,458.81,458.84,454.31,454.76,69124885.0,465901.0,456.19549
2023-12-07,456.91,458.9,456.29,458.23,67002346.0,458079.0,457.827305
2023-12-08,457.46,460.745,457.21,460.2,83194404.0,525610.0,459.424735
2023-12-11,459.69,462.17,459.47,461.99,65803711.0,461247.0,461.005626
2023-12-12,461.63,464.2,460.6,464.1,68329617.0,438136.0,462.897161
2023-12-13,464.49,470.7599,464.12,470.5,93277960.0,662497.0,467.577917
2023-12-14,472.5,473.73,469.25,472.01,119028953.0,713141.0,471.899327
2023-12-15,469.49,470.7,467.4263,469.33,141554383.0,669182.0,469.509526
2023-12-18,470.98,472.98,469.8929,471.97,70375385.0,459241.0,472.042236
2023-12-19,472.53,474.92,472.45,474.84,55762005.0,416105.0,473.991484
2023-12-20,473.96,475.895,467.82,468.26,102920959.0,666863.0,471.732351
2023-12-21,471.33,472.975,468.84,472.7,86679796.0,600930.0,471.218166
2023-12-22,473.86,475.38,471.7,473.65,67160419.0,486178.0,473.951699
2023-12-26,474.07,476.58,473.99,475.65,55386952.0,348986.0,475.354905
2023-12-27,475.44,476.66,474.89,476.51,68000811.0,425538.0,475.741039
2023-12-28,476.88,477.55,476.26,476.69,77158117.0,374241.0,476.950071
2023-12-29,476.49,477.03,473.3,475.31,122288349.0,604838.0,475.210777
2024-01-02,472.16,473.67,470.49,472.65,123007793.0,657585.0,472.044088
2024-01-03,470.43,471.19,468.17,468.79,103595966.0,656572.0,469.620528
2024-01-04,468.3,470.96,467.05,467.28,84232169.0,536471.0,468.783715
2024-01-05,467.49,470.44,466.43,467.92,86118913.0,562579.0,468.323224
2024-01-08,468.43,474.75,468.3,474.6,74879074.0,523806.0,472.074423
2024-01-09,471.87,474.93,471.35,473.88,65931439.0,448472.0,473.346878
2024-01-10,474.16,477.4481,473.87,476.56,67310640.0,470045.0,475.701854
2024-01-11,477.59,478.12,472.26,476.35,77940823.0,576613.0,475.103827
2024-01-12,477.84,478.6,475.23,476.68,58026520.0,470856.0,476.624635
2024-01-16,475.26,476.6098,473.06,474.93,85015070.0,592233.0,474.741327
2024-01-17,471.82,472.79,469.87,472.29,68843871.0,520417.0,471.61239
2024-01-18,474.01,477.06,472.42,476.49,91856348.0,558708.0,474.771714
2024-01-19,477.65,482.72,476.5374,482.43,110834483.0,608468.0,480.15386
2024-01-22,484.01,485.22,482.78,483.45,76044931.0,548090.0,483.922932
2024-01-23,484.01,485.105,482.89,484.86,49945297.0,388977.0,484.009969
2024-01-24,487.81,488.77,484.8819,485.39,81765039.0,621290.0,486.91111
2024-01-25,487.575,488.305,485.39,488.03,72524989.0,546403.0,487.022632
2024-01-26,487.59,489.12,486.54,487.41,76641609.0,480277.0,487.732215
2024-01-29,487.73,491.415,487.17,491.27,61322751.0,447982.0,489.136747
2024-01-30,490.56,491.62,490.11,490.89,58618386.0,447676.0,490.920671
2024-01-31,488.62,489.0813,482.86,482.88,126011062.0,780578.0,485.693044
2024-02-01,484.63,489.23,483.8,489.2,91891637.0,650358.0,486.677249
2024-02-02,489.65,496.05,489.3,494.35,99228192.0,677113.0,493.379344
2024-02-05,493.695,494.3778,490.23,492.55,75685102.0,537117.0,492.614541
2024-02-06,493.52,494.32,492.05,493.98,55918602.0,456773.0,493.014563
2024-02-07,496.29,498.53,495.36,498.1,70556506.0,501857.0,497.442779
2024-02-08,498.1,498.71,497.26,498.32,52343636.0,406775.0,498.025515
2024-02-09,498.84,501.65,498.49,501.2,63979375.0,467171.0,500.320019
2024-02-12,501.17,503.5,500.24,500.98,56502283.0,437189.0,501.687018
2024-02-13,494.53,497.09,490.715,494.08,113099199.0,779480.0,493.567626
2024-02-14,496.79,499.07,494.4,498.57,68387827.0,536843.0,496.826687
2024-02-15,499.29,502.2,498.795,502.01,61682960.0,516093.0,500.787683
2024-02-16,501.7,502.87,498.75,499.51,75532928.0,532752.0,500.930692
2024-02-20,497.72,498.41,494.45,496.76,71736740.0,595486.0,496.139855
2024-02-21,495.42,497.37,493.56,497.21,59603771.0,499405.0,495.496013
2024-02-22,504.01,508.49,503.02,507.5,76402535.0,613961.0,506.255652
2024-02-23,509.27,510.13,507.1,507.85,61321818.0,489694.0,508.555832
2024-02-26,508.3,508.75,505.86,505.99,50386738.0,434429.0,507.147762
2024-02-27,506.7,507.16,504.75,506.93,48831828.0,400260.0,506.164792
2024-02-28,505.33,506.855,504.96,506.26,56506634.0,420488.0,505.970735
2024-02-29,508.07,509.74,505.35,508.08,83924795.0,547845.0,508.027166
2024-03-01,508.98,513.29,508.56,512.85,76844844.0,544943.0,511.576233
2024-03-04,512.03,514.2,512.0,512.3,49799257.0,466601.0,512.776634
2024-03-05,510.24,510.7,504.91,507.18,73320623.0,593892.0,507.450575
2024-03-06,510.55,512.069,508.42,509.75,68392367.0,603738.0,510.133504
2024-03-07,513.14,515.89,509.8053,514.81,58652085.0,526279.0,514.502448
2024-03-08,515.46,518.2201,511.13,511.72,86532535.0,737848.0,514.213562
2024-03-11,510.48,511.88,508.5,511.28,62557183.0,573251.0,510.488944
2024-03-12,513.45,517.38,510.86,516.78,73694439.0,602906.0,515.220994
2024-03-13,517.11,517.29,514.49,515.97,55104088.0,471659.0,516.289015
2024-03-14,516.97,517.125,511.82,514.95,110171820.0,729546.0,514.232417
2024-03-15,510.21,511.7,508.122,509.83,107646297.0,694373.0,509.878053
2024-03-18,514.0,515.48,512.44,512.86,88893331.0,568827.0,513.866925
2024-03-19,512.15,515.995,511.12,515.71,60755263.0,489558.0,513.975803
2024-03-20,515.77,520.62,515.08,520.48,69594574.0,566876.0,517.810639
2024-03-21,523.39,524.11,521.91,522.2,60256112.0,506364.0,523.115718
2024-03-22,522.11,522.605,520.97,521.21,79070842.0,467269.0,521.804855
2024-03-25,519.8,520.95,519.61,519.77,48512108.0,413060.0,520.310505
2024-03-26,521.23,521.58,518.4,518.81,65463744.0,427328.0,520.103613
2024-03-27,521.71,523.21,519.485,523.17,82999777.0,518970.0,521.199867
2024-03-28,523.21,524.61,522.78,523.07,96294886.0,495562.0,523.585937
2024-04-01,523.83,524.38,520.97,522.16,62477540.0,449575.0,522.37037
2024-04-02,518.24,518.98,516.48,518.84,74230308.0,570884.0,517.893925
2024-04-03,517.72,520.95,517.665,519.41,59155759.0,486600.0,519.744621
2024-04-04,523.52,523.8674,512.755,513.07,96908074.0,772269.0,517.902986
2024-04-05,514.46,520.44,514.01,518.43,74546483.0,669740.0,517.820377
2024-04-08,519.15,520.18,517.89,518.72,48401702.0,443840.0,518.94321
2024-04-09,520.5,520.75,514.35,519.32,68124385.0,532493.0,517.391628
2024-04-10,513.48,516.16,512.09,514.12,82652806.0,753675.0,513.895741
2024-04-11,515.68,519.48,512.08,518.0,70099007.0,582634.0,516.326992
2024-04-12,514.37,515.815,509.08,510.85,92486785.0,767726.0,511.756783
2024-04-15,515.13,515.3,503.58,504.45,92101447.0,841318.0,508.554344
2024-04-16,504.94,506.5,502.21,503.53,73484020.0,689033.0,504.154817
2024-04-17,506.05,506.22,499.12,500.55,75910305.0,704743.0,502.08167
2024-04-18,501.98,504.13,498.56,499.52,74548085.0,627452.0,500.798291
2024-04-19,499.44,500.455,493.86,495.16,102212587.0,756686.0,496.609293
2024-04-22,497.83,502.38,495.43,499.72,67962998.0,601783.0,498.90643
2024-04-23,501.78,506.09,499.5328,505.65,64633620.0,527370.0,504.681709
2024-04-24,506.56,507.37,503.13,505.41,55928076.0,495174.0,505.352357
2024-04-25,499.18,504.27,497.49,503.49,69122368.0,625039.0,500.945618
2024-04-26,506.35,509.88,505.7,508.26,64306118.0,491759.0,508.514625
2024-04-29,510.09,510.75,507.25,510.06,46415449.0,440177.0,509.541004
2024-04-30,508.56,509.56,501.98,501.98,77483566.0,575798.0,505.601383
2024-05-01,501.38,508.19,499.865,500.35,80242839.0,733935.0,502.791341
2024-05-02,504.15,505.89,499.55,505.03,62685179.0,532686.0,503.349546
2024-05-03,511.16,512.55,508.56,511.29,72838709.0,579112.0,510.75989
2024-05-06,513.75,516.61,513.3,516.57,47264703.0,444751.0,514.887471
2024-05-07,517.56,518.57,516.45,517.14,52561299.0,432297.0,517.525469
2024-05-08,515.26,517.74,515.14,517.19,42047214.0,369156.0,516.898349
2024-05-09,517.38,520.2074,516.705,520.17,43643668.0,399521.0,519.105998
2024-05-10,521.81,522.635,519.59,520.84,52233171.0,428544.0,520.934119
2024-05-13,522.56,522.67,519.74,520.91,36716361.0,360851.0,521.07114
2024-05-14,521.11,523.83,520.56,523.3,57535867.0,417237.0,522.360835
2024-05-15,525.83,530.08,525.18,529.78,59504897.0,510553.0,528.191025
2024-05-16,529.88,531.5218,528.54,528.69,50244827.0,436763.0,529.991819
2024-05-17,528.81,529.52,527.32,529.45,59187585.0,372347.0,528.791168
2024-05-20,529.57,531.5601,529.17,530.06,37764206.0,331754.0,530.385364
2024-05-21,529.28,531.52,529.07,531.36,33437001.0,306615.0,530.495412
2024-05-22,530.65,531.38,527.6,529.83,48389968.0,340286.0,529.583635
2024-05-23,532.96,533.07,524.72,525.96,57211197.0,440800.0,528.067408
2024-05-24,527.85,530.27,526.881,529.44,41331076.0,328934.0,528.970509
2024-05-28,530.27,530.51,527.11,529.81,36269602.0,343542.0,529.221141
2024-05-29,525.68,527.31,525.37,526.1,45190323.0,359207.0,526.368017
2024-05-30,524.52,525.2,521.33,522.61,46468510.0,385210.0,523.604962
2024-05-31,523.59,527.5,518.36,527.37,90785855.0,530032.0,523.136369
2024-06-03,529.02,529.31,522.6,527.8,46835702.0,468403.0,526.528069
2024-06-04,526.46,529.15,524.96,528.39,34632661.0,357976.0,527.076531
2024-06-05,530.77,534.69,528.7254,534.67,47610365.0,409460.0,532.473044
2024-06-06,534.98,535.42,532.68,534.66,30808530.0,304874.0,534.345257
2024-06-07,533.66,536.89,532.535,534.01,43224525.0,336983.0,534.64139
2024-06-10,533.18,535.99,532.57,535.66,35729252.0,344628.0,534.725401
2024-06-11,534.07,537.01,532.05,536.95,36383411.0,360292.0,534.968553
2024-06-12,541.63,544.12,540.3,541.36,63251305.0,488541.0,542.302434
2024-06-13,543.15,543.325,539.59,542.45,44760949.0,350322.0,541.903157
2024-06-14,540.88,542.81,539.85,542.78,40089895.0,342838.0,541.571526
2024-06-17,542.08,548.53,541.6072,547.1,55839457.0,402255.0,545.87853
2024-06-18,547.16,548.62,546.73,548.49,41376417.0,324668.0,547.868787
2024-06-20,549.44,550.12,545.18,547.0,70328226.0,470269.0,547.575033
2024-06-21,544.4,545.65,543.02,544.51,64513859.0,392335.0,544.447574
2024-06-24,544.33,546.95,542.62,542.74,45528654.0,392113.0,544.440534
2024-06-25,543.99,545.2,542.44,544.83,38273346.0,314940.0,544.104149
2024-06-26,543.69,546.24,543.03,545.51,38550637.0,336264.0,544.662273
2024-06-27,545.37,546.96,544.61,546.37,35041480.0,318146.0,545.767008
2024-06-28,547.16,550.28,542.95,544.22,75925045.0,490952.0,546.132413
2024-07-01,545.63,545.88,542.52,545.34,40297810.0,370685.0,544.684439
2024-07-02,543.7,549.01,543.65,549.01,40434792.0,326760.0,546.880645
2024-07-03,548.69,551.83,548.65,551.46,32789911.0,253838.0,550.337491
2024-07-05,551.77,555.05,551.12,554.64,41488389.0,339620.0,553.632822
2024-07-08,555.44,556.2501,554.19,555.28,36110451.0,315486.0,555.150626
2024-07-09,556.26,557.18,555.52,555.82,27314125.0,298712.0,556.17382
2024-07-10,557.07,561.67,556.77,561.32,38701220.0,339735.0,559.350535
2024-07-11,561.44,562.33,555.83,556.48,53054184.0,458805.0,557.90259
2024-07-12,557.63,563.67,557.15,559.99,53084405.0,418470.0,560.737146
2024-07-15,562.03,564.8371,559.63,561.53,40584293.0,398072.0,562.110674
2024-07-16,562.865,565.16,562.1,564.86,36475260.0,354166.0,563.682953
2024-07-17,558.8,560.51,556.61,556.94,57118956.0,472516.0,558.047099
2024-07-18,558.51,559.52,550.43,552.66,56270392.0,510019.0,554.093499
2024-07-19,552.42,554.08,547.91,548.99,65509081.0,446111.0,549.923605
2024-07-22,553.0,555.27,551.02,554.65,43346720.0,419641.0,553.63256
2024-07-23,554.54,556.735,553.275,553.78,34439561.0,308680.0,554.947013
2024-07-24,548.86,549.17,540.29,541.23,74515266.0,537919.0,543.775404
2024-07-25,541.35,547.455,537.45,538.41,61158288.0,555720.0,541.737207
2024-07-26,542.28,547.19,541.49,544.44,53763788.0,458201.0,544.081331
2024-07-29,546.02,547.05,542.72,544.76,39515824.0,364441.0,545.305528
2024-07-30,546.26,547.34,538.515,542.0,46853632.0,428534.0,542.546757
2024-07-31,548.98,553.5,547.5799,550.81,65663388.0,499830.0,550.610032
2024-08-01,552.57,554.8688,539.43,543.01,76428732.0,658124.0,544.809871
2024-08-02,535.75,536.99,528.6,532.9,82789070.0,746100.0,531.726908
2024-08-05,511.64,523.58,510.27,517.38,146267391.0,1274896.0,517.191195
2024-08-06,519.22,529.75,517.87,522.15,84826312.0,731363.0,524.399558
2024-08-07,528.47,531.59,518.0519,518.66,70698340.0,644157.0,524.14742
2024-08-08,523.91,531.29,521.84,530.65,63276589.0,570742.0,528.220388
2024-08-09,529.81,534.51,528.56,532.99,45619558.0,459823.0,531.740787
2024-08-12,534.21,535.73,530.95,533.27,42542069.0,437515.0,533.215795
2024-08-13,536.53,542.28,536.28,542.04,52333073.0,422228.0,540.0315
2024-08-14,542.85,544.96,540.12,543.75,42446929.0,389697.0,543.081967
2024-08-15,549.5,553.36,548.88,553.07,60846812.0,480232.0,551.705097
2024-08-16,551.42,555.02,551.26,554.31,44430728.0,328824.0,553.519424
2024-08-19,554.73,559.61,553.86,559.61,39121793.0,365312.0,557.241465
2024-08-20,559.15,560.84,557.325,558.7,33732264.0,335460.0,558.847888
2024-08-21,559.77,562.11,554.73,560.62,41514600.0,357431.0,560.174061
2024-08-22,562.56,563.18,554.98,556.22,56121456.0,438323.0,558.026024
2024-08-23,559.53,563.09,557.29,562.13,50639393.0,479176.0,560.85255
2024-08-26,563.18,563.91,559.05,560.79,35788609.0,374792.0,561.12996
2024-08-27,559.49,562.06,558.32,561.56,32693898.0,306107.0,560.978202
2024-08-28,561.21,561.65,555.04,558.3,41066024.0,389475.0,558.350832
2024-08-29,560.31,563.68,557.18,558.35,38715176.0,400443.0,560.370037
2024-08-30,560.77,564.2,557.14,563.68,62700110.0,430114.0,561.270306
2024-09-03,560.47,560.81,549.51,552.08,60600113.0,592610.0,554.506298
2024-09-04,550.2,554.43,549.46,550.95,47224939.0,510879.0,551.570698
2024-09-05,550.89,553.7995,547.1,549.61,44264258.0,501683.0,549.838735
2024-09-06,549.94,551.6,539.44,540.36,68493805.0,673258.0,542.599443
2024-09-09,544.65,547.71,542.68,546.41,40445822.0,458651.0,545.526989
2024-09-10,548.36,549.15,543.38,548.79,36394579.0,410778.0,547.136011
2024-09-11,548.7,555.36,539.96,554.42,75248608.0,646260.0,547.841231
2024-09-12,555.01,559.4,552.74,559.09,51892735.0,478029.0,557.019399
2024-09-13,559.71,563.03,559.45,562.01,39310501.0,400749.0,561.691649
2024-09-16,561.74,563.11,559.9,562.84,36656122.0,360839.0,561.758655
2024-09-17,565.1,566.58,560.795,563.07,49320970.0,443173.0,563.575408
2024-09-18,563.74,568.69,560.83,561.4,59044937.0,621397.0,563.767432
2024-09-19,571.01,572.88,568.08,570.98,75315470.0,548399.0,570.959024
2024-09-20,567.84,569.31,565.17,568.25,77503110.0,471471.0,567.546377
2024-09-23,569.34,570.3325,568.1,569.67,44116922.0,367490.0,569.293768
2024-09-24,570.48,571.36,567.6,571.3,46805672.0,385277.0,570.179385
2024-09-25,571.14,571.89,568.91,570.04,38428587.0,378547.0,570.405676
2024-09-26,574.38,574.71,569.9,572.3,48336004.0,403346.0,572.27229
2024-09-27,573.39,574.22,570.42,571.47,42100928.0,375875.0,572.30865
2024-09-30,570.42,574.38,568.08,573.76,63655448.0,483221.0,571.774907
2024-10-01,573.4,574.0622,566.0,568.62,72668778.0,689277.0,568.708298
2024-10-02,567.71,569.9,565.27,568.86,38097798.0,382904.0,568.373187
2024-10-03,567.36,569.8025,565.49,567.82,40846466.0,414433.0,567.342061
2024-10-04,572.35,573.36,568.1,572.98,43005186.0,438794.0,570.99034
2024-10-07,571.3,571.9599,566.63,567.8,49964690.0,457719.0,569.283676
2024-10-08,570.42,573.78,569.5299,573.17,37398693.0,368103.0,571.958492
2024-10-09,573.16,577.71,572.55,577.14,37912244.0,380793.0,575.961585
2024-10-10,575.77,577.58,574.49,576.13,44138060.0,384802.0,575.914102
2024-10-11,576.05,580.33,575.91,579.58,42267994.0,369983.0,579.098683
2024-10-14,581.22,585.27,580.73,584.32,36217215.0,346478.0,583.652755
2024-10-15,584.59,584.9,578.545,579.78,54203636.0,450436.0,581.362965
2024-10-16,579.78,582.83,578.96,582.3,30725436.0,327311.0,581.263073
2024-10-17,585.91,586.12,582.16,582.35,34393714.0,350466.0,583.466236
2024-10-18,584.07,585.39,582.58,584.59,37416801.0,312698.0,584.217609
2024-10-21,583.85,584.85,580.6001,583.63,36439010.0,386011.0,582.897586
2024-10-22,581.05,584.5,580.38,583.32,34183835.0,333521.0,582.673595
2024-10-23,581.26,581.7086,574.415,577.99,49314574.0,470975.0,578.074711
2024-10-24,579.98,580.06,576.57,579.24,34979860.0,363434.0,578.904205
2024-10-25,581.51,584.46,578.08,579.04,47268176.0,413616.0,581.054752
2024-10-28,582.58,582.71,580.52,580.83,30174704.0,365420.0,581.405883
2024-10-29,579.85,582.907,578.43,581.77,42899661.0,373273.0,581.336518
2024-10-30,581.29,583.32,579.29,580.01,41435839.0,389130.0,581.088774
2024-10-31,575.56,575.63,568.44,568.64,60182451.0,577902.0,571.335079
2024-11-01,571.32,575.55,570.62,571.04,45667533.0,464571.0,572.658516
2024-11-04,571.18,572.5,567.89,569.81,38216975.0,394247.0,570.278487
2024-11-05,570.74,576.74,570.52,576.7,39478322.0,378253.0,575.077202
2024-11-06,589.2,591.93,585.39,591.04,68181968.0,666095.0,589.331949
2024-11-07,593.08,596.65,592.9999,595.61,47233212.0,427536.0,594.921264
2024-11-08,596.17,599.64,596.165,598.19,46444893.0,406428.0,597.967927
2024-11-11,599.81,600.17,597.0,598.76,37586773.0,371847.0,598.734118
2024-11-12,598.68,599.29,594.37,596.9,43006128.0,378133.0,597.272863
2024-11-13,597.37,599.23,594.96,597.19,47388640.0,399844.0,597.564075
2024-11-14,597.32,597.81,592.65,593.35,38904109.0,373549.0,594.785489
2024-11-15,589.72,590.2,583.86,585.75,75988766.0,538470.0,586.32094
2024-11-18,586.22,589.49,585.34,588.15,37084081.0,360702.0,587.741047
2024-11-19,584.71,591.045,584.03,590.3,49422046.0,385055.0,588.541163
2024-11-20,590.38,590.79,584.63,590.5,49893334.0,435550.0,588.064164
2024-11-21,593.4,595.12,587.45,593.67,46750285.0,450141.0,592.430566
2024-11-22,593.66,596.15,593.1525,595.51,38226390.0,346477.0,595.081211
2024-11-25,599.52,600.86,595.2,597.53,42441393.0,427181.0,597.938466
2024-11-26,598.8,601.33,598.07,600.65,45621288.0,383149.0,599.999369
2024-11-27,600.46,600.85,597.28,598.83,34000163.0,332766.0,598.946549
2024-11-29,599.66,603.35,599.3805,602.55,30177351.0,233589.0,602.17208
2024-12-02,602.97,604.32,602.47,603.63,31745989.0,327962.0,603.497049
2024-12-03,603.39,604.16,602.341,603.91,26906629.0,279092.0,603.476262
2024-12-04,605.63,607.91,604.95,607.66,42787561.0,324666.0,606.696218
2024-12-05,607.66,608.48,606.305,606.66,28762183.0,303780.0,607.290697
2024-12-06,607.44,609.07,607.02,607.81,31241549.0,282829.0,607.88419
2024-12-09,607.69,607.86,604.08,604.68,34742738.0,370877.0,605.40418
2024-12-10,605.37,605.8,602.13,602.8,37234515.0,337427.0,603.824939
2024-12-11,605.78,608.435,605.5,607.46,28677723.0,305494.0,607.325692
2024-12-12,606.58,607.16,604.33,604.33,31543812.0,315220.0,605.593038
2024-12-13,606.4,607.13,602.81,604.21,35904730.0,348259.0,604.473006
2024-12-16,606.0,607.7795,605.21,606.79,43695179.0,367580.0,606.795324
2024-12-17,604.19,605.17,602.885,604.29,55773545.0,425292.0,604.039003
2024-12-18,603.98,606.405,585.89,586.28,108248729.0,772894.0,595.564693
2024-12-19,591.36,593.0,585.85,586.1,85919452.0,702101.0,588.83633
2024-12-20,581.77,595.75,580.91,591.15,125716674.0,772177.0,590.199391
2024-12-23,590.89,595.3,587.661,594.69,57635828.0,450949.0,592.721039
2024-12-24,596.06,601.34,595.47,601.3,33160097.0,235911.0,599.291931
2024-12-26,599.5,602.48,598.0825,601.34,41338891.0,306002.0,600.982138
2024-12-27,597.54,597.7761,590.7647,595.01,64969310.0,497465.0,594.049471
2024-12-30,587.89,591.74,584.41,588.22,56578757.0,501195.0,588.344096
2024-12-31,589.905,590.6399,584.42,586.08,57052654.0,479945.0,586.638607
2025-01-02,589.39,591.13,580.5,584.64,50203975.0,603951.0,585.069059
2025-01-03,587.53,592.6,586.43,591.95,37888459.0,427267.0,590.3249
2025-01-06,596.27,599.7,593.6,595.36,47679442.0,468834.0,596.616783
2025-01-07,597.42,597.75,586.78,588.63,60393052.0,489809.0,591.010705
2025-01-08,588.7,590.5799,585.195,589.49,47304672.0,432460.0,588.281771
2025-01-10,585.88,585.95,578.55,580.49,73105046.0,720924.0,581.355095
2025-01-13,575.77,581.75,575.35,581.39,47910060.0,505933.0,578.886779
2025-01-14,584.36,585.0,578.35,582.19,48420580.0,473554.0,581.845057
2025-01-15,590.325,593.94,589.195,592.78,56900159.0,488787.0,592.171696
2025-01-16,594.175,594.35,590.93,591.64,44319662.0,409217.0,592.628159
2025-01-17,596.96,599.36,595.61,597.58,58070628.0,420955.0,597.811044
2025-01-21,600.67,603.06,598.67,603.05,42532853.0,429380.0,601.650228
2025-01-22,605.92,607.82,605.36,606.44,48195973.0,367155.0,606.756402
2025-01-23,605.8,609.75,605.52,609.75,41152102.0,330491.0,607.610365
2025-01-24,609.81,610.78,606.8,607.97,34604693.0,360925.0,608.544314
2025-01-27,594.81,599.69,594.64,599.37,70361125.0,685466.0,597.680869
2025-01-28,600.62,605.37,597.25,604.52,44433322.0,419856.0,602.91773
2025-01-29,603.72,604.13,599.22,601.81,37177429.0,426224.0,601.975438
2025-01-30,603.96,606.6,600.715,605.04,39281255.0,419933.0,604.043298
2025-01-31,607.5,609.96,601.05,601.82,66671471.0,591698.0,604.912328
2025-02-03,592.67,600.29,590.49,597.77,65713364.0,730460.0,596.422957
2025-02-04,597.83,602.3,597.28,601.78,33024773.0,377667.0,600.835606
2025-02-05,600.64,604.37,598.58,604.22,30653149.0,358145.0,602.220255
2025-02-06,605.99,606.4525,602.63,606.32,35771503.0,351828.0,605.227961
2025-02-07,606.89,608.13,600.05,600.77,50188662.0,554348.0,602.782187
2025-02-10,604.03,605.4999,602.74,604.85,26023524.0,393593.0,604.488606
2025-02-11,602.55,605.86,602.43,605.31,30056740.0,408321.0,604.533431
2025-02-12,599.2,604.55,598.51,603.36,45076076.0,435863.0,602.334147
2025-02-13,604.48,609.94,603.2,609.73,40921297.0,426318.0,607.637911
2025-02-14,609.94,610.99,609.07,609.7,26910448.0,330615.0,610.09029
2025-02-18,610.88,611.49,608.38,611.49,26749030.0,364168.0,610.093495
2025-02-19,610.08,613.23,609.56,612.93,30898690.0,332869.0,611.742949
2025-02-20,611.54,611.684,607.02,610.38,36554002.0,388456.0,609.150979
2025-02-21,610.16,610.3,599.47,599.94,76519818.0,628050.0,603.120085
2025-02-24,602.02,603.03,596.49,597.21,50737213.0,600743.0,599.090526
2025-02-25,597.15,597.89,589.56,594.24,58266472.0,712191.0,593.758989
2025-02-26,595.93,599.58,591.8556,594.54,43321578.0,638726.0,595.672363
2025-02-27,596.85,598.02,584.65,585.05,74196664.0,758876.0,590.542146
2025-02-28,585.56,594.72,582.44,594.18,88744106.0,780013.0,588.014097
2025-03-03,596.18,597.34,579.9,583.77,74249199.0,839118.0,587.81397
2025-03-04,579.71,585.39,572.25,576.86,109648212.0,1056746.0,577.6331
2025-03-05,576.69,584.88,573.0795,583.06,71230528.0,809705.0,579.701888
2025-03-06,575.48,580.1736,570.12,572.71,80094868.0,869697.0,573.975112
2025-03-07,570.9,577.39,565.63,575.92,81158816.0,874097.0,572.364681
2025-03-10,567.59,569.54,555.59,560.58,99326624.0,1007965.0,562.241565
2025-03-11,559.4,564.02,552.02,555.92,88102109.0,935563.0,557.643391
2025-03-12,562.17,563.11,553.69,558.87,69601767.0,687059.0,559.298809
2025-03-13,558.49,559.105,549.68,551.42,74079414.0,747045.0,553.130515
2025-03-14,556.11,563.83,551.4917,562.81,62660321.0,616222.0,560.667919
2025-03-17,562.79,569.71,562.35,567.15,49008709.0,538126.0,566.424219
2025-03-18,564.8,565.02,559.06,561.02,66041422.0,572401.0,561.020757
2025-03-19,562.83,570.95,561.63,567.13,66554250.0,584796.0,566.278613
2025-03-20,563.33,570.57,562.6012,565.49,62958195.0,540297.0,566.435479
2025-03-21,559.28,564.89,558.03,563.98,83762964.0,559082.0,561.935782
2025-03-24,570.8,575.15,570.2,574.08,58766795.0,506258.0,573.338171
2025-03-25,575.3,576.41,573.69,575.46,38355735.0,389951.0,574.940837
2025-03-26,575.19,576.33,567.19,568.59,52228898.0,501105.0,570.477594
2025-03-27,567.18,570.9,564.94,567.08,42164248.0,456704.0,568.178087
2025-03-28,565.53,566.2675,555.07,555.66,71662653.0,650391.0,557.984313
2025-03-31,549.83,560.7112,546.87,559.39,95328113.0,754583.0,555.357314
2025-04-01,557.45,562.94,553.68,560.97,54609641.0,603801.0,558.976061
2025-04-02,555.05,567.42,554.81,564.52,76014544.0,686536.0,562.888146
2025-04-03,545.11,547.97,536.7,536.7,125985998.0,1198725.0,541.675349
2025-04-04,523.67,525.87,505.06,505.28,217962675.0,1957407.0,513.476423
2025-04-07,489.19,523.17,481.8,504.38,256611355.0,2517692.0,501.2808
2025-04-08,521.86,524.98,489.16,496.48,165794399.0,1708494.0,507.249518
2025-04-09,493.44,548.62,493.05,548.62,241835081.0,2298809.0,523.427405
2025-04-10,532.17,533.495,509.32,524.58,162331225.0,1754794.0,522.984816
2025-04-11,523.01,536.43,520.07,533.94,97866334.0,1019118.0,529.421297
2025-04-14,544.05,544.28,533.86,539.12,68033993.0,752545.0,539.680399
2025-04-15,539.675,543.23,536.81,537.61,56892874.0,547009.0,539.499642
2025-04-16,531.68,537.8854,520.29,525.66,83484814.0,770794.0,527.333639
2025-04-17,527.64,531.165,523.91,526.41,79866673.0,633834.0,527.758866
2025-04-21,521.16,521.7,508.46,513.88,69368129.0,715706.0,512.893584
2025-04-22,520.14,529.305,519.1925,527.25,75948017.0,712400.0,525.101409
2025-04-23,540.43,545.43,533.88,535.42,90590658.0,885537.0,539.263374
2025-04-24,536.715,547.43,535.4504,546.69,64150418.0,580937.0,543.868005
2025-04-25,546.65,551.05,543.69,550.64,61119590.0,562252.0,548.286989
2025-04-28,551.39,553.55,545.02,550.85,47613755.0,472025.0,549.56739
2025-04-29,548.91,555.45,548.55,554.32,47775121.0,474829.0,553.036602
2025-04-30,547.57,556.52,541.52,554.54,93101463.0,707090.0,549.757618
2025-05-01,560.37,564.0699,557.86,558.47,63186146.0,585865.0,561.004467
2025-05-02,564.73,568.38,562.38,566.76,60717270.0,571476.0,566.424958
2025-05-05,562.57,566.65,561.7,563.51,38659222.0,414698.0,564.409762
2025-05-06,557.93,563.3476,556.96,558.8,48264708.0,473580.0,559.981148
2025-05-07,560.15,563.82,556.04,561.15,55733229.0,531073.0,560.011623
2025-05-08,565.24,570.31,561.7,565.06,65130787.0,601131.0,566.584308
2025-05-09,566.48,567.5,562.7637,564.34,37603427.0,422432.0,564.739305
2025-05-12,581.47,583.0,577.04,582.99,78993570.0,733762.0,580.547302
2025-05-13,583.41,589.08,582.84,586.84,67947225.0,682785.0,587.193555
2025-05-14,587.81,588.98,585.535,587.59,66283531.0,676301.0,587.373305
2025-05-15,585.56,590.97,585.0969,590.46,71268145.0,737359.0,588.585752
2025-05-16,591.25,594.5,589.28,594.2,76052101.0,645314.0,592.388584
2025-05-19,588.1,595.54,588.1,594.85,68168509.0,662361.0,593.168182
2025-05-20,593.09,594.05,589.6,592.85,60614492.0,632002.0,592.357838
2025-05-21,588.44,592.58,581.82,582.86,95197657.0,1066364.0,587.037546
2025-05-22,582.66,586.62,581.405,583.09,70860417.0,844277.0,584.053292
2025-05-23,575.98,581.8101,575.6,579.11,76029046.0,877472.0,578.838939
2025-05-27,586.07,591.31,578.43,591.15,72588475.0,830952.0,589.125551
2025-05-28,591.56,592.7688,586.985,587.73,68445512.0,731933.0,589.715167
2025-05-29,593.06,593.2,586.07,590.05,70073758.0,826143.0,589.567723
2025-05-30,588.93,591.1299,583.235,589.39,90601242.0,884337.0,588.05609
2025-06-02,587.76,592.79,585.06,592.71,61630502.0,728812.0,589.874707
2025-06-03,592.34,597.08,591.85,596.09,63606204.0,690792.0,595.238267
2025-06-04,596.96,597.95,595.49,595.93,57314199.0,629200.0,596.938002
2025-06-05,597.63,599.0,591.05,593.05,92436397.0,944088.0,595.168768
2025-06-06,598.66,600.83,596.86,599.14,66588743.0,768591.0,599.222242
2025-06-09,599.72,601.25,598.49,599.68,53016418.0,637329.0,600.053937
2025-06-10,600.22,603.47,599.09,603.08,66246973.0,674474.0,601.631918
2025-06-11,604.19,605.06,599.27,601.36,73658225.0,808639.0,602.345297
2025-06-12,600.01,603.75,599.52,603.75,64129003.0,689902.0,602.541248
2025-06-13,598.5,601.85,595.48,597.0,89487793.0,980337.0,598.204727
2025-06-16,600.4,604.45,600.22,602.68,79984125.0,775607.0,602.741389
2025-06-17,600.21,601.75,596.76,597.53,82209365.0,827346.0,599.19286
2025-06-18,598.44,601.22,596.47,597.44,76605029.0,711298.0,598.886708
2025-06-20,598.38,599.46,592.86,594.28,94051374.0,825556.0,595.125748
2025-06-23,595.04,600.54,591.89,600.15,87426039.0,920372.0,597.020982
2025-06-24,604.33,607.8499,603.41,606.78,67735293.0,682502.0,606.174705
2025-06-25,607.91,608.61,605.54,607.12,62114767.0,645731.0,607.146716
2025-06-26,608.99,612.31,608.37,611.87,78548361.0,630338.0,610.895254
2025-06-27,612.88,616.39,610.83,614.91,86258398.0,806398.0,613.935765
2025-06-30,617.38,619.22,615.04,617.85,92502541.0,858415.0,617.093294
2025-07-01,616.36,618.83,615.52,617.65,70030140.0,746886.0,617.439436
2025-07-02,617.24,620.49,616.61,620.45,66510374.0,679099.0,619.130181
2025-07-03,622.45,626.28,622.43,625.34,51065578.0,484817.0,625.106471
2025-07-07,623.36,624.03,617.87,620.68,74814505.0,863317.0,620.762641
2025-07-08,621.35,622.11,619.52,620.34,59024585.0,675760.0,620.675955
2025-07-09,622.77,624.72,620.9105,624.06,66113326.0,735000.0,622.946884
2025-07-10,624.2,626.8701,623.01,625.82,57527933.0,648814.0,625.358699
2025-07-11,622.74,624.86,621.53,623.62,63670226.0,748955.0,623.809901
2025-07-14,623.16,625.1581,621.7999,624.81,51898518.0,626509.0,623.953909
2025-07-15,627.52,627.86,622.06,622.14,74317260.0,828422.0,624.382657
2025-07-16,623.74,624.73,618.05,624.22,88964127.0,961751.0,622.089769
2025-07-17,624.4,628.4048,624.18,628.04,68885558.0,687864.0,627.009476
2025-07-18,629.3,629.47,626.46,627.58,65621496.0,594577.0,627.596472
2025-07-21,628.77,631.54,628.34,628.77,63374984.0,709907.0,630.17477
2025-07-22,629.1,629.73,626.19,628.86,60046288.0,763949.0,628.28447
2025-07-23,631.55,634.21,629.73,634.21,71015836.0,765762.0,632.090485
2025-07-24,634.6,636.15,633.99,634.42,71307134.0,764249.0,635.14029
2025-07-25,635.09,637.5799,634.84,637.1,56865364.0,594273.0,636.524889
2025-07-28,637.48,638.04,635.54,636.94,54917102.0,630214.0,636.840101
2025-07-29,638.35,638.67,634.335,635.26,60556278.0,708687.0,636.075817
2025-07-30,635.92,637.68,631.54,634.46,80413429.0,820273.0,634.709485
2025-07-31,639.455,639.85,630.765,632.08,103385246.0,1017926.0,635.332486
2025-08-01,626.3,626.34,619.29,621.72,140103572.0,1466043.0,622.167703
2025-08-04,625.67,631.215,625.58,631.17,73218015.0,802217.0,629.502285
2025-08-05,631.79,632.6052,627.04,627.97,68051401.0,806967.0,629.048533
2025-08-06,629.05,633.44,628.13,632.78,64357525.0,690531.0,631.543336
2025-08-07,636.24,636.98,629.11,632.25,74205791.0,835614.0,632.317282
2025-08-08,634.06,637.645,633.74,637.18,64051626.0,705058.0,636.423539
2025-08-11,637.46,638.95,634.66,635.92,58742300.0,669920.0,636.758188
2025-08-12,638.29,642.85,636.79,642.69,64821798.0,761232.0,640.71696
2025-08-13,644.91,646.19,642.68,644.89,60092790.0,672682.0,644.269294
2025-08-14,642.79,645.62,642.34,644.95,59327466.0,682668.0,644.314136
2025-08-15,645.99,646.09,642.5153,643.44,68592507.0,637298.0,643.988974
2025-08-18,642.86,644.0,642.18,643.3,43804914.0,583828.0,643.155983
2025-08-19,643.12,644.105,638.48,639.81,69750731.0,769488.0,640.687476
2025-08-20,639.4,639.66,632.95,638.11,88890298.0,1033790.0,636.510518
2025-08-21,636.28,637.97,633.81,635.55,54805775.0,617474.0,635.846039
2025-08-22,637.76,646.5,637.25,645.31,84083214.0,924994.0,644.412217
2025-08-25,644.04,645.29,642.35,642.47,51274332.0,657583.0,644.051865
2025-08-26,642.2,645.51,641.57,645.16,51581565.0,575104.0,643.564606
2025-08-27,644.57,647.37,644.42,646.63,48341069.0,514537.0,646.327808
2025-08-28,647.24,649.48,645.34,648.92,61519461.0,595301.0,647.839384
2025-08-29,647.47,647.84,643.14,645.05,74423178.0,747542.0,644.73186
2025-09-02,637.5,640.49,634.92,640.27,81983545.0,903028.0,638.052767
2025-09-03,642.67,644.21,640.46,643.74,70820898.0,818583.0,642.393574
2025-09-04,644.42,649.15,643.51,649.12,65219228.0,743467.0,646.672384
2025-09-05,651.48,652.21,643.33,647.24,84304124.0,988454.0,646.993141
2025-09-08,648.62,649.84,647.23,648.83,63130164.0,773415.0,648.48861
2025-09-09,648.97,650.86,647.22,650.33,66133856.0,684357.0,649.224848
2025-09-10,653.62,654.55,650.63,652.21,78034529.0,841963.0,652.673145
2025-09-11,654.18,658.33,653.59,657.63,69895740.0,754957.0,656.838382
2025-09-12,657.6,659.11,656.9,657.41,72780135.0,683140.0,657.953046
2025-09-15,659.64,661.04,659.34,660.91,63772412.0,771637.0,660.304498
2025-09-16,661.47,661.78,659.21,660.0,61168953.0,755515.0,660.207825
2025-09-17,660.01,661.72,654.3,659.18,101952244.0,1070032.0,658.884385
2025-09-18,661.89,664.89,660.27,662.26,90458735.0,951829.0,662.825154
2025-09-19,662.33,664.55,660.37,663.7,97945620.0,842334.0,662.65786
2025-09-22,662.2,667.29,662.17,666.84,69452201.0,795553.0,665.428239
2025-09-23,666.72,667.34,661.98,663.21,81708872.0,896647.0,664.434604
2025-09-24,664.51,664.61,659.67,661.1,68082229.0,807609.0,661.597947
2025-09-25,657.94,659.4056,654.405,658.05,89622067.0,935968.0,657.338549
2025-09-26,659.51,662.37,657.88,661.82,69179209.0,769909.0,660.616791
2025-09-29,664.36,665.28,661.86,663.68,73499015.0,763838.0,663.523234
2025-09-30,662.93,666.65,661.61,666.18,86288028.0,772090.0,664.127451
2025-10-01,663.17,669.37,663.06,668.45,72545369.0,974350.0,666.876307
2025-10-02,670.45,670.565,666.78,669.22,56895993.0,743850.0,668.850456
2025-10-03,669.99,672.675,668.16,669.21,70494350.0,895359.0,670.468624
2025-10-06,671.62,672.51,669.455,671.61,54623260.0,873508.0,671.317365
2025-10-07,672.54,672.99,667.67,669.12,72020067.0,947296.0,669.598888
2025-10-08,670.25,673.2056,669.42,673.11,60702241.0,747743.0,672.116743
2025-10-09,673.53,673.94,669.21,671.16,66501941.0,802889.0,671.023115
2025-10-10,672.13,673.95,652.84,653.02,159422589.0,1778637.0,662.07522
2025-10-13,660.65,665.13,659.7679,663.04,79560517.0,1125900.0,662.346651
2025-10-14,657.17,665.83,653.17,662.23,88779560.0,1177809.0,661.056437
2025-10-15,666.82,670.23,658.93,665.17,81702555.0,1067025.0,665.245431
2025-10-16,666.82,668.71,657.11,660.64,110563346.0,1443490.0,662.638242
2025-10-17,659.5,665.755,658.14,664.39,96500870.0,1156217.0,662.131654
2025-10-20,667.32,672.21,667.27,671.3,60492650.0,858129.0,670.723645
2025-10-21,671.44,672.99,669.981,671.29,56248835.0,831016.0,671.751723
2025-10-22,672.0,672.0,663.3,667.8,80564006.0,963659.0,667.586309
2025-10-23,668.12,672.7101,667.8,671.76,65604461.0,767072.0,670.89345
2025-10-24,676.46,678.47,675.65,677.25,74356527.0,762628.0,677.52846
2025-10-27,682.73,685.54,682.115,685.24,63293828.0,811233.0,683.854334
2025-10-28,687.05,688.905,684.83,687.06,61737972.0,759679.0,686.90284
2025-10-29,688.72,689.7,682.87,687.39,85340645.0,1044645.0,687.171371
2025-10-30,683.9,685.94,679.83,679.83,76335751.0,971938.0,682.922797
2025-10-31,685.04,685.08,679.24,682.06,87164122.0,990900.0,682.653504
2025-11-03,685.67,685.8,679.94,683.34,57315025.0,870106.0,682.9317
2025-11-04,676.11,679.96,674.58,675.24,78426969.0,1140117.0,676.508167
2025-11-05,674.98,680.86,674.17,677.58,74402376.0,904366.0,678.412595
2025-11-06,676.47,677.38,668.72,670.31,85035298.0,1184829.0,671.984134
2025-11-07,667.91,671.08,661.205,670.97,100592443.0,1399072.0,666.112643
2025-11-10,677.235,682.18,675.03,681.44,75842888.0,1141759.0,679.201354
2025-11-11,679.95,683.57,678.73,683.0,58953385.0,828375.0,681.583161
2025-11-12,684.79,684.96,680.945,683.38,62312484.0,995928.0,683.119593
2025-11-13,680.5,680.86,670.52,672.04,103457788.0,1420394.0,674.522143
2025-11-14,665.38,675.66,663.265,671.93,96846672.0,1468545.0,671.317961
2025-11-17,669.7,673.71,662.17,665.67,90456105.0,1485606.0,667.738819
2025-11-18,662.095,665.12,655.86,660.08,114467488.0,1760650.0,661.122076
2025-11-19,660.78,667.34,658.745,662.63,94702955.0,1420436.0,662.617721
2025-11-20,672.91,675.56,651.89,652.53,165293521.0,2439639.0,661.717018
2025-11-21,655.05,664.55,650.85,659.03,123956203.0,1714976.0,657.972356
2025-11-24,662.69,670.06,661.59,668.73,80437940.0,1079031.0,667.491683
2025-11-25,668.63,676.21,664.48,675.02,81077088.0,1114924.0,671.640568
2025-11-26,677.63,681.7,676.72,679.68,71879597.0,881264.0,680.09272
2025-11-28,680.86,683.665,680.5,683.39,49212030.0,568720.0,682.350281
